*name; short_name;description;latitude;longitude;elevation;type;type_name;country;icao;frequency;rwy_landable;rwy_lenght;rwy_direc;rwy_surface;rwy_surface_name;rwy_bidirectional
AICHELBERG X    *FL07;AICXX;;48.39'967"N;008.31'183"E;790;2816;Auﬂenlandefeld;1060;;121.500;0;250;310;4;sonstiger Belag;1
AICHHALDEN      *FL05;AICYY;;48.38'667"N;008.32'733"E;755;2816;Auﬂenlandefeld;1060;;1  .  0;0;300;10;4;sonstiger Belag;1
ANSBACH  MIL;ANSBM;;49.18'500"N;010.38'300"E;466;768;Sonderlandeplatz;1060;ETEB;122.100;0;380;80;1;Asphalt;1
Aachen-Merzbrueck;AachnM;;50.49'450"N;006.11'220"E;190;768;Sonderlandeplatz;1060;EDKA;122.875;1;520;260;1;Asphalt;1
Aalen-Heidenheim/Elchingen;AalnHd;;48.46'730"N;010.15'950"E;584;768;Sonderlandeplatz;1060;EDPA;122.400;1;950;88;1;Asphalt;1
Achmer;Achmer;;52.22'730"N;007.54'870"E;54;768;Sonderlandeplatz;1060;EDXA;123.050;1;940;250;3;Gras;1
Agathazeller Moos;Agathz;;47.33'367"N;010.16'333"E;727;1792;Segelfluggel‰nde;1060;;123.350;1;0;0;5;Belag unbekannt;1
Ahlhorn;Ahlhrn;;52.53'500"N;008.14'000"E;49;768;Sonderlandeplatz;1060;;;1;1100;90;1;Asphalt;1
Ahrenlohe;Ahrnlh;;53.42'080"N;009.44'700"E;10;768;Sonderlandeplatz;1060;EDHO;122.600;1;500;230;1;Asphalt;1
Aichach;Aichch;;48.28'550"N;011.08'217"E;440;1792;Segelfluggel‰nde;1060;;122.300;1;0;0;5;Belag unbekannt;1
Ailertchen;Ailrtc;;50.35'670"N;007.56'750"E;470;768;Sonderlandeplatz;1060;EDGA;123.050;1;550;220;3;Gras;1
Albstadt-Degerfeld;Albstd;;48.15'030"N;009.03'680"E;878;768;Sonderlandeplatz;1060;EDSA;125.100;1;580;270;3;Gras;1
Alkersleben-Wuelfershausen;Alkrsl;;50.50'530"N;011.04'200"E;349;768;Sonderlandeplatz;1060;EDBA;123.000;1;900;270;3;Gras;1
Allendorf-Eder;Allndr;;51.02'100"N;008.40'700"E;355;768;Sonderlandeplatz;1060;EDFQ;118.175;1;1097;290;1;Asphalt;1
Allstedt;Allstd;;51.22'800"N;011.26'800"E;284;768;Sonderlandeplatz;1060;EDBT;122.000;1;1200;250;0;Beton;1
Alsfeld;Alsfld;;50.44'933"N;009.14'933"E;290;1792;Segelfluggel‰nde;1060;;123.500;1;0;0;5;Belag unbekannt;1
Altdorf-Hagenhausen;Altdrf;;49.23'200"N;011.25'283"E;534;1792;Segelfluggel‰nde;1060;;129.970;1;0;0;5;Belag unbekannt;1
Altdorf-Wallburg;Altdr1;;48.16'250"N;007.50'580"E;191;768;Sonderlandeplatz;1060;EDSW;127.150;1;495;250;3;Gras;1
Alte Ems b. Herbrum;AltEms;;53.01'883"N;007.18'283"E;2;1792;Segelfluggel‰nde;1060;;123.150;1;0;0;5;Belag unbekannt;1
Altena-Hegenscheid;AltnHg;;51.18'850"N;007.42'720"E;473;768;Sonderlandeplatz;1060;EDKD;122.200;1;600;240;3;Gras;1
Altenbachtal;Altnbc;;49.55'400"N;009.09'467"E;132;1792;Segelfluggel‰nde;1060;;123.500;1;0;0;5;Belag unbekannt;1
Altenburg-Nobitz;Altnbr;;50.58'980"N;012.30'480"E;195;1024;Flughafen;1060;EDAC;123.575;1;2095;218;0;Beton;1
Altenstadt;Altnst;;47.50'100"N;010.52'200"E;741;512;milit‰rischer Flugplatz;1060;ETHA;122.100;1;700;270;3;Gras;1
Altfeld;Altfld;;49.49'917"N;009.32'233"E;344;1792;Segelfluggel‰nde;1060;;123.500;1;0;0;5;Belag unbekannt;1
Altoetting;Altttn;;48.12'983"N;012.38'817"E;400;1792;Segelfluggel‰nde;1060;;123.500;1;0;0;5;Belag unbekannt;1
Am Salzgittersee;AmSlzg;;52.10'183"N;010.18'950"E;81;1792;Segelfluggel‰nde;1060;;130.125;1;0;0;5;Belag unbekannt;1
Am Stauffenberg;AmStff;;51.21'700"N;009.37'650"E;350;1792;Segelfluggel‰nde;1060;;123.500;1;0;0;5;Belag unbekannt;1
Amoeneburg;Amonbr;;50.47'400"N;008.54'350"E;240;1792;Segelfluggel‰nde;1060;;122.475;1;0;0;5;Belag unbekannt;1
Ampfing-Waldkraiburg;Ampfng;;48.15'830"N;012.24'750"E;415;768;Sonderlandeplatz;1060;EDNA;123.600;1;735;270;3;Gras;1
An den sieben Bergen;Andnsb;;52.03'500"N;009.48'650"E;125;1792;Segelfluggel‰nde;1060;;123.500;1;0;0;5;Belag unbekannt;1
Anklam;Anklam;;53.50'000"N;013.40'400"E;5;768;Sonderlandeplatz;1060;EDCA;122.650;1;900;270;1;Asphalt;1
Ansbach-Petersdorf;Ansbch;;49.21'670"N;010.40'330"E;418;768;Sonderlandeplatz;1060;EDQF;123.650;1;780;270;3;Gras;1
Anspach/Taunus;Anspch;;50.17'400"N;008.32'200"E;336;768;Sonderlandeplatz;1060;EDFA;121.025;1;580;240;3;Gras;1
Antersberg' Lkr. Rosenheim;Antrsb;;47.57'783"N;011.59'733"E;489;1792;Segelfluggel‰nde;1060;;123.350;1;0;0;5;Belag unbekannt;1
Arnbruck;Arnbrc;;49.07'570"N;012.59'100"E;523;768;Sonderlandeplatz;1060;EDNB;118.550;1;425;350;1;Asphalt;1
Arnsberg;Arnsbr;;51.29'080"N;007.54'020"E;242;768;Sonderlandeplatz;1060;EDLA;123.025;1;920;230;1;Asphalt;1
Arnsberg-Ruhrwiese;Arnsb1;;51.23'767"N;008.03'950"E;180;1792;Segelfluggel‰nde;1060;;123.400;1;0;0;5;Belag unbekannt;1
Aschaffenburg;Aschff;;49.56'300"N;009.03'820"E;125;768;Sonderlandeplatz;1060;EDFC;122.675;1;653;260;1;Asphalt;1
Aschersleben;Aschrs;;51.45'900"N;011.29'900"E;160;768;Sonderlandeplatz;1060;EDCQ;123.375;1;900;290;3;Gras;1
Asperden Knobbenhof;Asprdn;;51.41'450"N;006.06'217"E;16;1792;Segelfluggel‰nde;1060;;123.500;1;0;0;5;Belag unbekannt;1
Asslarer Huette;Asslrr;;50.35'883"N;008.26'633"E;232;1792;Segelfluggel‰nde;1060;;129.975;1;0;0;5;Belag unbekannt;1
Attendorn-Finnentrop;Attndr;;51.08'780"N;007.56'200"E;317;768;Sonderlandeplatz;1060;EDKU;121.400;1;450;210;3;Gras;1
Aud der Schaufel bei Bad Wildungen;AuddrS;;51.05'767"N;009.08'767"E;310;1792;Segelfluggel‰nde;1060;;123.350;1;0;0;1;Asphalt;1
Aue b. Hattorf/Harz;Aueb.H;;51.37'983"N;010.15'133"E;188;1792;Segelfluggel‰nde;1060;;122.200;1;0;0;5;Belag unbekannt;1
Auerbach;Auerbc;;50.29'880"N;012.22'700"E;568;768;Sonderlandeplatz;1060;EDOA;122.700;1;580;360;3;Gras;1
Augsburg;Augsbr;;48.25'570"N;010.55'980"E;461;1024;Flughafen;1060;EDMA;124.975;1;1280;250;0;Beton;1
Aukrug;Aukrug;;54.03'850"N;009.48'050"E;25;1792;Segelfluggel‰nde;1060;;123.350;1;0;0;5;Belag unbekannt;1
Aventoft;Aventf;;54.53'767"N;008.49'183"E;1;1792;Segelfluggel‰nde;1060;;122.400;1;0;0;5;Belag unbekannt;1
BAD BIBRA;BADBI;;51.12'150"N;011.30'000"E;300;768;Sonderlandeplatz;1060;ULM;123.425;0;300;100;3;Gras;1
BAD KREUZNACH;BADKR;;49.51'083"N;007.53'500"E;104;768;Sonderlandeplatz;1060;?;122.100;0;600;60;1;Asphalt;1
BAD ROTENFELS   *FL11;BADRO;;48.49'467"N;008.17'383"E;130;2816;Auﬂenlandefeld;1060;;1  .  0;0;460;140;4;sonstiger Belag;1
BAERENTAL       *FELD;BAER"E;;47.52'700"N;008.06'717"E;930;2816;Auﬂenlandefeld;1060;;1  .  0;0;250;50;3;Gras;1
BAIERSBRONN     *FL03;BAIYY;;48.30'917"N;008.22'433"E;560;2816;Auﬂenlandefeld;1060;;1  .  0;0;250;50;4;sonstiger Belag;1
BASEPOHL MIL CLS;BASEP;;53.44'850"N;012.57'150"E;60;1792;Segelfluggel‰nde;1060;;122.100;0;500;110;3;Gras;1
BEILROD"E;BEILR;;51.34'250"N;013.03'117"E;81;768;Sonderlandeplatz;1060;-!;122.300;0;740;80;3;Gras;1
BERNAU          *FELD;BERXX;;47.48'417"N;008.01'767"E;920;2816;Auﬂenlandefeld;1060;;1  .  0;0;250;120;4;sonstiger Belag;1
BESENBFELDN     *FL07;BESE"N;;48.35'933"N;008.24'933"E;815;2816;Auﬂenlandefeld;1060;;1  .  0;0;450;320;4;sonstiger Belag;1
BOHLSBACH       *FL12;BOHSB;;48.30'117"N;007.57'067"E;150;2816;Auﬂenlandefeld;1060;;1  .  0;0;400;100;4;sonstiger Belag;1
BREGGE"N;BREGG;;51.11'983"N;006.07'933"E;73;768;Sonderlandeplatz;1060;ETUR;122.100;0;2490;90;1;Asphalt;1
BUHLBACH X      *FL01;BUHLB;;48.31'517"N;008.15'583"E;625;2816;Auﬂenlandefeld;1060;;121.500;0;200;250;4;sonstiger Belag;1
BUTZWEILERHOF;BUTZW;;50.59'233"N;006.53'467"E;49;1792;Segelfluggel‰nde;1060;;122.500;0;630;40;1;Asphalt;1
Babenhausen;Babnhs;;49.56'933"N;008.57'933"E;133;1792;Segelfluggel‰nde;1060;;123.150;1;0;0;5;Belag unbekannt;1
Backnang-Heiningen;Backnn;;48.55'250"N;009.27'380"E;294;768;Sonderlandeplatz;1060;EDSH;126.500;1;500;290;3;Gras;1
Bad Berka;BadBrk;;50.54'330"N;011.15'500"E;305;768;Sonderlandeplatz;1060;EDOB;123.650;1;850;250;3;Gras;1
Bad Brueckenau-Oberleichtersbach;BadBrc;;50.16'317"N;009.49'433"E;402;1792;Segelfluggel‰nde;1060;;123.350;1;0;0;5;Belag unbekannt;1
Bad Buchau/Federsee;BadBch;;48.03'467"N;009.38'850"E;580;1792;Segelfluggel‰nde;1060;;123.150;1;0;0;5;Belag unbekannt;1
Bad Ditzenbach;BadDtz;;48.33'830"N;009.43'820"E;720;768;Sonderlandeplatz;1060;EDPB;122.350;1;400;340;3;Gras;1
Bad Duerkheim;BadDrk;;49.28'450"N;008.11'830"E;107;768;Sonderlandeplatz;1060;EDRF;122.400;1;480;260;1;Asphalt;1
Bad Frankenhausen;BadFrn;;51.22'400"N;011.08'500"E;240;768;Sonderlandeplatz;1060;EDOF;122.600;1;650;260;3;Gras;1
Bad Gandersheim;BadGnd;;51.51'250"N;010.01'670"E;241;768;Sonderlandeplatz;1060;EDVA;123.000;1;675;360;3;Gras;1
Bad Kissingen;BadKss;;50.12'600"N;010.04'100"E;199;768;Sonderlandeplatz;1060;EDFK;122.000;1;620;350;3;Gras;1
Bad Koenigshofen;BadKng;;50.17'250"N;010.25'333"E;313;1792;Segelfluggel‰nde;1060;;130.125;1;0;0;5;Belag unbekannt;1
Bad Langensalza;BadLng;;51.07'830"N;010.37'330"E;198;768;Sonderlandeplatz;1060;EDEB;123.500;1;700;270;3;Gras;1
Bad Marienberg/Oberrossbach;BadMrn;;50.39'733"N;008.01'700"E;527;1792;Segelfluggel‰nde;1060;;129.975;1;0;0;5;Belag unbekannt;1
Bad Neuenahr;BadNnh;;50.33'580"N;007.08'250"E;205;768;Sonderlandeplatz;1060;EDRA;122.350;1;477;290;1;Asphalt;1
Bad Neustadt/Saale-Grasberg;BadNst;;50.18'300"N;010.13'600"E;304;768;Sonderlandeplatz;1060;EDFD;123.650;1;600;320;1;Asphalt;1
Bad Pyrmont;BadPyr;;51.58'130"N;009.17'650"E;359;768;Sonderlandeplatz;1060;EDVW;121.175;1;600;43;1;Asphalt;1
Bad Sobernheim-Domberg;BadSbr;;49.47'520"N;007.40'000"E;247;768;Sonderlandeplatz;1060;EDRS;118.925;1;600;212;3;Gras;1
Bad Waldsee-Reute;BadWld;;47.55'000"N;009.43'000"E;575;768;Sonderlandeplatz;1060;;123.000;1;660;330;3;Gras;1
Bad Windsheim;BadWnd;;49.30'670"N;010.22'070"E;372;768;Sonderlandeplatz;1060;EDQB;118.275;1;690;260;3;Gras;1
Bad Woerishofen-Nord;BadWrs;;48.01'030"N;010.37'030"E;620;768;Sonderlandeplatz;1060;EDNH;122.600;1;568;260;3;Gras;1
Bad Zwischenahn-Rostrup;BadZws;;53.12'650"N;007.59'333"E;9;1792;Segelfluggel‰nde;1060;;123.500;1;0;0;5;Belag unbekannt;1
Baden-Oos;BadnOs;;48.47'570"N;008.11'250"E;123;768;Sonderlandeplatz;1060;EDTB;121.000;1;600;220;3;Gras;1
Baldenau;Baldn;;48.52'433"N;008.12'833"E;112;1792;Segelfluggel‰nde;1060;;122.475;1;0;0;5;Belag unbekannt;1
Ballenstedt;Ballns;;51.44'800"N;011.13'800"E;162;768;Sonderlandeplatz;1060;EDCB;122.700;1;560;90;1;Asphalt;1
Baltrum;Baltrm;;53.43'620"N;007.22'380"E;2;768;Sonderlandeplatz;1060;EDWZ;123.050;1;425;280;3;Gras;1
Bamberg-Breitenau  (mil/civ);Bambrg;;49.55'200"N;010.54'980"E;250;768;Sonderlandeplatz;1060;ETEJ;120.175;1;625;220;1;Asphalt;1
Barssel;Barssl;;53.09'980"N;007.47'670"E;3;768;Sonderlandeplatz;1060;EDXL;122.000;1;600;300;3;Gras;1
Barth;Barth;;54.20'380"N;012.42'600"E;7;1024;Flughafen;1060;EDBH;118.075;1;1200;270;0;Beton;1
Bartholomae-Amalienhof;Barthl;;48.44'200"N;010.00'467"E;637;1792;Segelfluggel‰nde;1060;;123.350;1;0;0;5;Belag unbekannt;1
Baumerlenbach;Baumrl;;49.13'850"N;009.25'083"E;231;1792;Segelfluggel‰nde;1060;;123.150;1;0;0;5;Belag unbekannt;1
Baumholder;Baumhl;;49.39'000"N;007.18'000"E;441;512;milit‰rischer Flugplatz;1060;ETEK;122.100;1;567;70;1;Asphalt;1
Bautzen;Bautzn;;51.11'630"N;014.31'280"E;173;1024;Flughafen;1060;EDAB;129.150;1;2200;250;0;Beton;1
Bayreuth;Bayrth;;49.59'130"N;011.38'300"E;488;1024;Flughafen;1060;EDQD;127.525;1;895;240;0;Beton;1
Beilngries;Beilng;;49.01'370"N;011.29'170"E;369;768;Sonderlandeplatz;1060;EDNC;118.350;1;600;280;3;Gras;1
Benediktbeuern;Bendkt;;47.42'950"N;011.23'433"E;607;1792;Segelfluggel‰nde;1060;;123.500;1;0;0;5;Belag unbekannt;1
Bensheimer Stadtwiesen;Benshm;;49.41'400"N;008.34'950"E;100;1792;Segelfluggel‰nde;1060;;123.375;1;0;0;5;Belag unbekannt;1
Bergheim;Berghm;;50.57'900"N;006.36'467"E;70;1792;Segelfluggel‰nde;1060;;130.125;1;0;0;5;Belag unbekannt;1
Bergneustadt/ Duempel;Bergns;;51.03'180"N;007.42'430"E;489;768;Sonderlandeplatz;1060;EDKF;123.650;1;600;220;3;Gras;1
Berlin- Schoenefeld;BerlnS;;52.22'800"N;013.31'330"E;47;256;Internationaler Flugplatz;1060;EDDB;120.025;1;2700;69;0;Beton;1
Berlin-Tegel;BerlnT;;52.33'670"N;013.17'370"E;37;256;Internationaler Flugplatz;1060;EDDT;124.525;1;2428;81;1;Asphalt;1
Berlin-Tempelhof;Berln1;;52.28'500"N;013.24'200"E;50;256;Internationaler Flugplatz;1060;EDDI;119.575;1;2094;86;1;Asphalt;1
Berliner Heide/Metzingen;Berlnr;;52.40'200"N;010.22'200"E;69;1792;Segelfluggel‰nde;1060;;123.500;1;0;0;5;Belag unbekannt;1
Betzdorf-Kirchen;Betzdr;;50.49'170"N;007.50'000"E;343;768;Sonderlandeplatz;1060;EDKI;122.750;1;500;260;3;Gras;1
Biberach a.d. Riss;Bibrch;;48.06'720"N;009.45'830"E;580;768;Sonderlandeplatz;1060;EDMB;122.750;1;780;220;1;Asphalt;1
Bielefeld-Windelsbleiche;Bielfl;;51.57'900"N;008.32'700"E;138;768;Sonderlandeplatz;1060;EDLI;118.350;1;700;290;1;Asphalt;1
Bienenfarm;Biennf;;52.39'620"N;012.44'870"E;37;768;Sonderlandeplatz;1060;EDOI;122.850;1;850;300;3;Gras;1
Binningen;Binnng;;47.48'000"N;008.43'280"E;486;768;Sonderlandeplatz;1060;EDSI;130.600;1;777;250;3;Gras;1
Bischofsberg;Bischf;;50.25'950"N;010.17'167"E;330;1792;Segelfluggel‰nde;1060;;123.350;1;0;0;5;Belag unbekannt;1
Bisperode-West;Bisprd;;52.04'700"N;009.28'600"E;170;1792;Segelfluggel‰nde;1060;;123.500;1;0;0;5;Belag unbekannt;1
Bitburg;Bitbrg;;49.55'983"N;006.32'983"E;374;512;milit‰rischer Flugplatz;1060;;122.100;1;2506;60;0;Beton;1
Bitche;Bitche;;49.04'116"N;007.26'950"E;0;512;milit‰rischer Flugplatz;1060;;122.100;1;450;90;3;Gras;1
Blaubeuren;Blabrn;;48.25'250"N;009.47'900"E;676;768;Sonderlandeplatz;1060;EDMC;130.600;1;556;280;3;Gras;1
Blexen bei Nordenham;Blexnb;;53.32'350"N;008.32'367"E;3;1792;Segelfluggel‰nde;1060;;123.500;1;0;0;5;Belag unbekannt;1
Blomberg-Borkhausen;Blombr;;51.55'200"N;009.06'870"E;163;768;Sonderlandeplatz;1060;EDVF;118.925;1;480;240;3;Gras;1
Blumberg;Blumbr;;47.50'750"N;008.34'000"E;698;768;Sonderlandeplatz;1060;EDSL;123.050;1;605;250;3;Gras;1
Boberg/HH;BobrgH;;53.30'800"N;010.09'183"E;2;1792;Segelfluggel‰nde;1060;;122.200;1;0;0;5;Belag unbekannt;1
Boehlen;Boehln;;51.13'000"N;012.22'170"E;131;768;Sonderlandeplatz;1060;EDO"E;123.000;1;700;240;3;Gras;1
Bohlenberger Feld;Bohlnb;;53.25'117"N;007.54'217"E;8;1792;Segelfluggel‰nde;1060;;123.500;1;0;0;5;Belag unbekannt;1
Bohmte-Bad Essen;BohmtB;;52.21'130"N;008.19'900"E;45;768;Sonderlandeplatz;1060;EDXD;122.500;1;580;290;3;Gras;1
Bolhof;Bolhof;;47.39'050"N;008.23'200"E;568;1792;Segelfluggel‰nde;1060;;129.975;1;0;0;5;Belag unbekannt;1
Bollrich;Bollrc;;51.54'367"N;010.27'733"E;272;1792;Segelfluggel‰nde;1060;;123.150;1;0;0;5;Belag unbekannt;1
Bonn-Hangelar;BonnHn;;50.46'100"N;007.09'900"E;60;768;Sonderlandeplatz;1060;EDKB;135.150;1;800;290;1;Asphalt;1
Bopfingen;Bopfng;;48.50'970"N;010.20'000"E;618;768;Sonderlandeplatz;1060;EDNQ;122.850;1;620;250;1;Asphalt;1
Bordelum;Bordlm;;54.37'600"N;008.55'880"E;1;768;Sonderlandeplatz;1060;EDWA;;1;550;220;3;Gras;1
Borghorst-Fuechten;Borghr;;52.09'050"N;007.27'183"E;50;1792;Segelfluggel‰nde;1060;;123.350;1;0;0;5;Belag unbekannt;1
Borken-Hoxfeld;BorknH;;51.51'280"N;006.48'930"E;48;768;Sonderlandeplatz;1060;EDLY;122.925;1;740;300;3;Gras;1
Borkenberge;Borknb;;51.46'700"N;007.17'170"E;48;768;Sonderlandeplatz;1060;EDLB;125.875;1;468;260;1;Asphalt;1
Borkum;Borkum;;53.35'830"N;006.42'600"E;1;768;Sonderlandeplatz;1060;EDWR;123.000;1;1000;310;1;Asphalt;1
Bottenhorn;Bottnh;;50.47'750"N;008.27'870"E;505;768;Sonderlandeplatz;1060;EDGT;120.375;1;525;290;3;Gras;1
Brandenburg-Briest;Brandn;;52.26'250"N;012.27'500"E;31;768;Sonderlandeplatz;1060;EDUB;130.125;1;1499;250;1;Asphalt;1
Brandenburg-Muehlenfeld;Brand1;;52.26'200"N;012.35'400"E;30;768;Sonderlandeplatz;1060;EDB"E;118.625;1;730;280;3;Gras;1
Brandis;Brands;;51.19'700"N;012.39'500"E;164;768;Sonderlandeplatz;1060;;129.250;1;1300;260;0;Beton;1
Brannenburg;Brannn;;47.44'500"N;012.06'900"E;461;1792;Segelfluggel‰nde;1060;;122.500;1;0;0;5;Belag unbekannt;1
Braunfels;Branfl;;50.31'267"N;008.23'450"E;240;1792;Segelfluggel‰nde;1060;;123.150;1;0;0;5;Belag unbekannt;1
Braunschweig;Bransc;;52.19'230"N;010.33'450"E;89;1024;Flughafen;1060;EDV"E;119.350;1;900;85;3;Gras;1
Breitscheid;Bretsc;;50.40'830"N;008.10'420"E;559;768;Sonderlandeplatz;1060;EDGB;122.600;1;900;250;1;Asphalt;1
Bremen;Bremen;;53.02'800"N;008.47'270"E;4;256;Internationaler Flugplatz;1060;EDDW;118.500;1;2034;270;0;Beton;1
Bremerhaven/Am Luneort;Bremrh;;53.30'300"N;008.34'550"E;3;768;Sonderlandeplatz;1060;EDWB;122.375;1;800;340;1;Asphalt;1
Bremgarten;Bremgr;;47.54'200"N;007.37'100"E;212;768;Sonderlandeplatz;1060;EDTG;122.000;1;1650;230;1;Asphalt;1
Brilon/Hochsauerland;BrilnH;;51.24'230"N;008.38'570"E;460;768;Sonderlandeplatz;1060;EDKO;129.375;1;600;250;1;Asphalt;1
Brockzetel b. Aurich;Brockz;;53.28'900"N;007.39'417"E;9;1792;Segelfluggel‰nde;1060;;123.500;1;0;0;5;Belag unbekannt;1
Bronkow;Bronkw;;51.40'200"N;013.57'670"E;129;768;Sonderlandeplatz;1060;EDBQ;130.325;1;644;260;3;Gras;1
Bruchsal;Bruchs;;49.08'170"N;008.33'870"E;111;768;Sonderlandeplatz;1060;EDTC;128.375;1;500;300;3;Gras;1
Buechel;Buechl;;50.10'500"N;007.03'883"E;476;1792;Segelfluggel‰nde;1060;;122.100;1;0;0;5;Belag unbekannt;1
Buechig;Buechg;;50.26'917"N;010.15'167"E;384;1792;Segelfluggel‰nde;1060;;123.375;1;0;0;5;Belag unbekannt;1
Bueckeburg;Bueckb;;52.16'700"N;009.04'900"E;70;512;milit‰rischer Flugplatz;1060;ETHB;122.100;1;1832;75;1;Asphalt;1
Bueckeburg-Weinberg;Bueck1;;52.15'133"N;009.01'133"E;80;1792;Segelfluggel‰nde;1060;;129.975;1;0;0;5;Belag unbekannt;1
Bueren/Am Schwalenberg;BuernA;;51.32'583"N;008.34'900"E;277;1792;Segelfluggel‰nde;1060;;123.350;1;0;0;5;Belag unbekannt;1
Bundenthal-Rumbach;Bundnt;;49.05'717"N;007.47'617"E;287;1792;Segelfluggel‰nde;1060;;123.350;1;0;0;5;Belag unbekannt;1
Burg;Burg;;52.14'500"N;011.51'420"E;53;768;Sonderlandeplatz;1060;EDBG;122.050;1;850;270;3;Gras;1
Burg Feuerstein;BurgFr;;49.47'600"N;011.08'070"E;510;768;Sonderlandeplatz;1060;EDQ"E;130.775;1;863;85;1;Asphalt;1
Burgberg bei Witzenhausen;Burgbr;;51.21'050"N;009.49'533"E;213;1792;Segelfluggel‰nde;1060;;123.500;0;0;0;5;Belag unbekannt;1
COLEMA"N;COLEM;;49.33'800"N;008.27'800"E;94;768;Sonderlandeplatz;1060;ETOR;122.100;0;930;50;1;Asphalt;1
COTTBUS;COTTB;;51.46'083"N;014.17'517"E;70;768;Sonderlandeplatz;1060;ETHT;132.575;0;1570;80;1;Asphalt;1
Celle;Celle;;52.35'033"N;010.01'017"E;39;512;milit‰rischer Flugplatz;1060;ETHC;122.100;1;1831;260;0;Beton;1
Celle-Arloh;CellAr;;52.41'450"N;010.06'550"E;63;768;Sonderlandeplatz;1060;EDVC;123.650;1;800;230;3;Gras;1
Cham-Janahof;ChamJn;;49.12'600"N;012.39'417"E;366;1792;Segelfluggel‰nde;1060;;123.150;1;0;0;5;Belag unbekannt;1
Chemnitz-Jahnsdorf;Chemnt;;50.45'000"N;012.50'010"E;365;768;Sonderlandeplatz;1060;EDCJ;122.500;1;600;250;3;Gras;1
Coburg-Brandensteinsebene;CobrgB;;50.15'870"N;010.59'780"E;454;768;Sonderlandeplatz;1060;EDQC;118.000;1;860;120;1;Asphalt;1
Coburg-Steinruecken;CobrgS;;50.13'880"N;010.59'830"E;361;768;Sonderlandeplatz;1060;EDQY;129.800;1;700;250;3;Gras;1
Cochstedt-Schneidlingen;Cochst;;51.51'380"N;011.25'100"E;182;1024;Flughafen;1060;EDBC;131.125;1;2500;260;0;Beton;1
Cottbus-Drewitz;Cottbs;;51.53'400"N;014.31'900"E;83;768;Sonderlandeplatz;1060;EDCD;118.650;1;2500;250;0;Beton;1
DAMGARTEN CLOSED*;DAMGA;;54.15'933"N;012.26'917"E;10;2816;Auﬂenlandefeld;1060;;121.500;0;2000;60;0;Beton;1
DAUBOR"N;DAUBO;;50.19'300"N;008.11'500"E;220;1792;Segelfluggel‰nde;1060;;1  .  0;0;400;130;3;Gras;1
DEMMI"N;DEMMI;;53.55'300"N;013.13'117"E;25;1792;Segelfluggel‰nde;1060;;1  .  0;0;2140;160;0;Beton;1
DUERNBACH       *FL02;DUENB;;47.46'000"N;011.44'000"E;749;2816;Auﬂenlandefeld;1060;;1  .  0;0;500;160;4;sonstiger Belag;1
Dachau-Groebenried;DachGr;;48.13'770"N;011.25'470"E;490;768;Sonderlandeplatz;1060;EDMD;118.425;1;420;280;3;Gras;1
Dahlemer Binz;Dahlmr;;50.24'300"N;006.31'780"E;578;768;Sonderlandeplatz;1060;EDKV;122.375;1;800;240;1;Asphalt;1
Damme;Damme;;52.29'330"N;008.11'220"E;46;768;Sonderlandeplatz;1060;EDWC;133.300;1;700;290;1;Asphalt;1
Daun Senheld;DaunSn;;50.10'750"N;006.51'883"E;525;1792;Segelfluggel‰nde;1060;;123.350;1;0;0;5;Belag unbekannt;1
Deckenpfronn-Egelsee;Decknp;;48.38'233"N;008.49'067"E;578;1792;Segelfluggel‰nde;1060;;130.125;1;0;0;5;Belag unbekannt;1
Dedelow;Dedlw;;53.21'380"N;013.47'000"E;50;768;Sonderlandeplatz;1060;EDBD;122.600;1;900;280;1;Asphalt;1
Deggendorf;Deggnd;;48.49'870"N;012.52'880"E;314;768;Sonderlandeplatz;1060;EDMW;122.025;1;550;270;1;Asphalt;1
Degmann;Degmnn;;49.15'517"N;009.16'633"E;155;1792;Segelfluggel‰nde;1060;;123.500;1;0;0;5;Belag unbekannt;1
Dehausen (Diemelstadt);Dehsn(;;51.27'800"N;009.02'933"E;300;1792;Segelfluggel‰nde;1060;;123.150;1;0;0;5;Belag unbekannt;1
Der Dingel;DerDng;;51.32'233"N;009.22'933"E;226;1792;Segelfluggel‰nde;1060;;123.150;1;0;0;5;Belag unbekannt;1
Der Ring in Schwalmstadt;DerRng;;50.53'483"N;009.14'933"E;212;1792;Segelfluggel‰nde;1060;;123.375;1;0;0;1;Asphalt;1
Dessau;Dessau;;51.50'000"N;012.11'200"E;57;768;Sonderlandeplatz;1060;EDAD;118.175;1;1000;90;1;Asphalt;1
Detmold;Detmld;;51.56'500"N;008.54'400"E;9999;768;Sonderlandeplatz;1060;;122.750;1;360;270;1;Asphalt;1
Diepholz (mil/civ);Diephl;;52.35'100"N;008.20'500"E;39;768;Sonderlandeplatz;1060;ETND;122.600;1;1283;260;1;Asphalt;1
Dierdorf-Wienau;Dierdr;;50.34'050"N;007.39'280"E;290;768;Sonderlandeplatz;1060;EDRW;128.925;1;520;250;1;Asphalt;1
Dillingen;Dillng;;49.23'200"N;006.44'917"E;245;1792;Segelfluggel‰nde;1060;;130.125;1;0;0;5;Belag unbekannt;1
Dingolfing;Dinglf;;48.39'570"N;012.29'900"E;355;768;Sonderlandeplatz;1060;EDPD;123.600;1;500;260;3;Gras;1
Dinkesbuehl-Sinbronn;Dinksb;;49.03'980"N;010.24'130"E;487;768;Sonderlandeplatz;1060;EDND;118.425;1;700;270;3;Gras;1
Dinslaken-Schwarze Heide;Dinslk;;51.37'050"N;006.51'830"E;66;768;Sonderlandeplatz;1060;EDLD;122.700;1;690;270;1;Asphalt;1
Dobenreuth;Dobnrt;;49.41'400"N;011.08'833"E;325;1792;Segelfluggel‰nde;1060;;123.350;1;0;0;5;Belag unbekannt;1
Donaueschingen-Villingen;Donsch;;47.58'470"N;008.31'380"E;680;1024;Flughafen;1060;EDTD;124.250;1;1200;360;0;Beton;1
Donauwoerth-Genderkingen;Donwrt;;48.42'230"N;010.51'130"E;400;768;Sonderlandeplatz;1060;EDMQ;129.250;1;530;270;1;Asphalt;1
Donzdorf;Donzdr;;48.40'750"N;009.50'680"E;693;768;Sonderlandeplatz;1060;EDPM;122.600;1;600;270;3;Gras;1
Dornberg-Sontra;Dornbr;;51.05'283"N;009.55'083"E;410;1792;Segelfluggel‰nde;1060;;123.500;0;0;0;1;Asphalt;1
Dornsode;Dornsd;;53.34'617"N;009.02'367"E;7;1792;Segelfluggel‰nde;1060;;123.350;1;0;0;5;Belag unbekannt;1
Dorsten-Kanal;Dorstn;;51.39'683"N;006.59'100"E;36;1792;Segelfluggel‰nde;1060;;123.350;1;0;0;5;Belag unbekannt;1
Dortmund;Dortmn;;51.31'180"N;007.36'780"E;129;1024;Flughafen;1060;EDLW;134.175;1;2000;240;1;Asphalt;1
Dresden;Dresdn;;51.07'090"N;013.46'000"E;230;256;Internationaler Flugplatz;1060;EDDC;122.925;1;2500;220;0;Beton;1
Duerabuch;Duerbc;;48.15'783"N;011.12'600"E;530;1792;Segelfluggel‰nde;1060;;123.500;1;0;0;5;Belag unbekannt;1
Dueren Huertgenwald;DuernH;;50.41'617"N;006.25'033"E;358;1792;Segelfluggel‰nde;1060;;123.500;1;0;0;5;Belag unbekannt;1
Duesseldorf;Duessl;;51.16'930"N;006.45'480"E;45;256;Internationaler Flugplatz;1060;EDDL;118.300;1;2700;50;0;Beton;1
Duesseldorf Wolfsaap;Duess1;;51.15'900"N;006.51'150"E;113;1792;Segelfluggel‰nde;1060;;123.500;1;0;0;5;Belag unbekannt;1
ENGELBRAND      *FL14;ENGEL;;48.49'883"N;008.38'167"E;580;2816;Auﬂenlandefeld;1060;;1  .  0;0;450;60;4;sonstiger Belag;1
Ebern-Sendelbach;EbernS;;50.02'450"N;010.49'450"E;252;768;Sonderlandeplatz;1060;EDQR;122.500;1;522;320;3;Gras;1
Egelsbach;Egelsb;;49.57'720"N;008.38'680"E;117;1024;Flughafen;1060;EDF"E;130.900;1;990;87;1;Asphalt;1
Eggebek;Eggbk;;54.37'017"N;009.20'050"E;19;512;milit‰rischer Flugplatz;1060;ETM"E;122.100;1;2440;100;0;Beton;1
Eggenfelden;Eggnfl;;48.23'820"N;012.43'400"E;409;1024;Flughafen;1060;EDM"E;120.300;1;1160;270;1;Asphalt;1
Eggersdorf;Eggrsd;;52.28'830"N;014.05'120"E;67;768;Sonderlandeplatz;1060;EDC"E;123.000;1;2380;240;1;Asphalt;1
Eibinger Forstwiesen;Eibngr;;50.01'000"N;007.53'833"E;425;1792;Segelfluggel‰nde;1060;;123.500;1;0;0;1;Asphalt;1
Eichstaett;Eichst;;48.52'650"N;011.11'000"E;522;768;Sonderlandeplatz;1060;EDP"E;123.000;1;526;290;3;Gras;1
Eisenach-Kindel;Eisnch;;50.59'500"N;010.28'600"E;336;768;Sonderlandeplatz;1060;EDG"E;119.750;1;1500;280;0;Beton;1
Eisenhuettenstadt;Eisnht;;52.11'750"N;014.35'200"E;45;768;Sonderlandeplatz;1060;EDA"E;122.000;1;900;290;1;Asphalt;1
Ellwangen;Ellwng;;48.57'720"N;010.14'270"E;503;768;Sonderlandeplatz;1060;EDPY;122.000;1;785;300;3;Gras;1
Elsenthal-Grafenau;Elsnth;;48.49'400"N;013.22'100"E;432;768;Sonderlandeplatz;1060;;122.500;1;485;350;3;Gras;1
Elz;Elz;;50.25'680"N;008.00'720"E;213;768;Sonderlandeplatz;1060;EDFY;123.600;1;750;260;1;Asphalt;1
Emden;Emden;;53.23'550"N;007.13'580"E;0;768;Sonderlandeplatz;1060;EDW"E;122.500;1;1100;250;1;Asphalt;1
Emmerich-Palmersward;Emmrch;;51.49'383"N;006.16'400"E;16;1792;Segelfluggel‰nde;1060;;123.350;1;0;0;5;Belag unbekannt;1
Erbach;Erbach;;48.20'570"N;009.55'070"E;475;768;Sonderlandeplatz;1060;EDN"E;118.275;1;650;210;3;Gras;1
Erbendorf Schweisslohe;Erbndr;;49.50'617"N;012.04'017"E;495;1792;Segelfluggel‰nde;1060;;123.350;1;0;0;5;Belag unbekannt;1
Erding;Erding;;48.19'400"N;011.56'983"E;463;512;milit‰rischer Flugplatz;1060;ETS"E;122.100;1;2517;80;1;Asphalt;1
Erfurt;Erfurt;;50.58'830"N;010.57'500"E;315;256;Internationaler Flugplatz;1060;EDD"E;121.150;1;2390;280;0;Beton;1
Eschenlohe;Eschnl;;47.37'433"N;011.11'050"E;628;1792;Segelfluggel‰nde;1060;;122.300;1;0;0;5;Belag unbekannt;1
Essen/Muelheim;EssnMl;;51.24'220"N;006.56'280"E;124;768;Sonderlandeplatz;1060;EDL"E;119.750;1;1200;250;1;Asphalt;1
Esslingen-Jaegerhaus;Esslng;;48.45'683"N;009.20'067"E;490;1792;Segelfluggel‰nde;1060;;122.475;1;0;0;5;Belag unbekannt;1
Essweiler;Esswlr;;49.33'667"N;007.34'750"E;380;1792;Segelfluggel‰nde;1060;;129'975;1;0;0;5;Belag unbekannt;1
Etting Adelmannsberg;EttngA;;48.48'683"N;011.25'383"E;381;1792;Segelfluggel‰nde;1060;;123.500;1;0;0;5;Belag unbekannt;1
Eudenbach;Eudnbc;;50.40'333"N;007.21'800"E;299;1792;Segelfluggel‰nde;1060;;118.425;1;0;0;5;Belag unbekannt;1
Eutingen;Eutngn;;48.29'717"N;008.46'733"E;499;1792;Segelfluggel‰nde;1060;;129.975;1;0;0;5;Belag unbekannt;1
FALL            *FL03;FALL0;;47.34'000"N;011.33'000"E;780;2816;Auﬂenlandefeld;1060;;1  .  0;0;300;170;3;Gras;1
FARCHANT        *FL04;FARCH;;47.32'000"N;011.06'000"E;671;2816;Auﬂenlandefeld;1060;;1  .  0;0;350;30;3;Gras;1
FAULENFUERST1   *FELD;FAU11;;47.48'283"N;008.13'200"E;1020;2816;Auﬂenlandefeld;1060;;1  .  0;0;300;130;4;sonstiger Belag;1
FISCHHAUSEN     *FLD0;FISHA;;47.42'000"N;011.52'000"E;800;2816;Auﬂenlandefeld;1060;;1  .  0;0;250;70;3;Gras;1
FRIEDRSFELD;FRIF"E;;53.22'400"N;008.02'783"E;12;768;Sonderlandeplatz;1060;?;118.200;0;750;90;3;Gras;1
FUENFTBRONN     *FL04;FUEBR;;48.36'617"N;008.29'350"E;740;2816;Auﬂenlandefeld;1060;;1  .  0;0;350;50;4;sonstiger Belag;1
FURTHER DRACHENH;FURTH;;49.17'767"N;012.52'250"E;413;768;Sonderlandeplatz;1060;?;1  .  0;0;400;120;0;Beton;1
Falkenberg-Loennewitz;Falknb;;51.32'900"N;013.13'700"E;76;768;Sonderlandeplatz;1060;EDUF;130.125;1;1200;260;1;Asphalt;1
Farrenberg;Farrnb;;48.23'167"N;009.04'600"E;805;1792;Segelfluggel‰nde;1060;;123.475;1;0;0;5;Belag unbekannt;1
Fassberg;Fassbr;;52.55'300"N;010.11'100"E;74;512;milit‰rischer Flugplatz;1060;ETHS;122.100;1;2439;90;1;Asphalt;1
Fehmarn-Neujellingsdorf;Fehmrn;;54.27'500"N;011.06'700"E;10;768;Sonderlandeplatz;1060;;122.050;0;590;290;3;Gras;1
Fehrbellin;Fehrbl;;52.47'600"N;012.45'400"E;42;768;Sonderlandeplatz;1060;EDBF;122.500;1;735;290;0;Beton;1
Fichtelbrunn;Fichtl;;49.29'900"N;011.39'550"E;492;1792;Segelfluggel‰nde;1060;;122.300;0;0;0;1;Asphalt;1
Finow;Finow;;52.49'600"N;013.41'600"E;37;768;Sonderlandeplatz;1060;EDAV;119.050;1;2520;280;0;Beton;1
Finsterwalde-Heinrichsruh;Finstr;;51.38'200"N;013.40'700"E;117;768;Sonderlandeplatz;1060;EDAS;123.500;1;850;270;3;Gras;1
Finsterwalde-Schacksdorf;Finst1;;51.36'800"N;013.44'500"E;122;768;Sonderlandeplatz;1060;EDUS;123.050;0;1200;270;1;Asphalt;1
Fischbek;Fischb;;53.27'433"N;009.49'933"E;62;1792;Segelfluggel‰nde;1060;;129.975;0;0;0;1;Asphalt;1
Flensburg-Schaeferhaus;Flensb;;54.46'400"N;009.22'700"E;40;768;Sonderlandeplatz;1060;EDXF;122.850;1;1040;290;1;Asphalt;1
Frankfurt;Frankf;;50.02'070"N;008.34'280"E;111;256;Internationaler Flugplatz;1060;EDDF;124.850;1;2500;70;0;Beton;1
Freiburg im Breisgau;Frebrg;;48.01'280"N;007.50'070"E;244;768;Sonderlandeplatz;1060;EDTF;118.250;1;980;340;1;Asphalt;1
Friedersdorf;Fridrs;;52.17'000"N;013.48'200"E;35;768;Sonderlandeplatz;1060;EDCF;122.850;1;920;300;3;Gras;1
Friedrichshafen;Fridrc;;47.40'270"N;009.30'770"E;416;1024;Flughafen;1060;EDNY;124.350;1;2356;240;1;Asphalt;1
Friesener Warte;Frisnr;;49.50'183"N;011.02'833"E;518;1792;Segelfluggel‰nde;1060;;122.200;1;0;0;5;Belag unbekannt;1
Fritzlar;Fritzl;;51.06'917"N;009.17'217"E;9999;512;milit‰rischer Flugplatz;1060;ETHF;122.100;1;0;300;5;Belag unbekannt;1
Fuerstenfeldbruck;Fuerst;;48.12'330"N;011.16'000"E;519;768;Sonderlandeplatz;1060;ETSF;123.700;1;2744;90;0;Beton;1
Fuerstenwalde;Fuers1;;52.23'470"N;014.05'770"E;54;768;Sonderlandeplatz;1060;EDAL;126.500;1;1095;260;1;Asphalt;1
Fuerstenzell;Fuers2;;48.30'830"N;013.20'870"E;410;768;Sonderlandeplatz;1060;EDMF;122.000;1;485;340;1;Asphalt;1
Fuerth-Seckendorf;Fuerth;;49.28'933"N;010.51'517"E;318;1792;Segelfluggel‰nde;1060;;123.475;1;0;0;5;Belag unbekannt;1
Fuessen;Fuessn;;47.35'050"N;010.41'133"E;783;1792;Segelfluggel‰nde;1060;;123.350;1;0;0;5;Belag unbekannt;1
Fulda-Jossa;FuldJs;;50.28'620"N;009.26'580"E;475;768;Sonderlandeplatz;1060;EDGF;122.400;1;588;260;3;Gras;1
GAGGENAU        *FL10;GAGG"E;;48.47'850"N;008.19'100"E;170;2816;Auﬂenlandefeld;1060;;1  .  0;0;300;190;4;sonstiger Belag;1
GERNSBACH X     *FL09;GERNS;;48.46'483"N;008.20'317"E;162;2816;Auﬂenlandefeld;1060;;121.500;0;220;20;4;sonstiger Belag;1
GLASEWITZ EH FPL*;GLAS"E;;53.50'050"N;012.18'583"E;51;2816;Auﬂenlandefeld;1060;;1  .  0;0;1100;70;3;Gras;1
GOEPPINGEN  ALT;GOEPP;;48.42'417"N;009.41'417"E;318;1792;Segelfluggel‰nde;1060;;122.100;0;600;40;1;Asphalt;1
GOETTELFINGEN   *FL03;GOETT;;48.34'350"N;008.27'867"E;771;2816;Auﬂenlandefeld;1060;;1  .  0;0;510;160;4;sonstiger Belag;1
GRAFENHAUSEN1   *FELD;GRA11;;47.47'417"N;008.15'067"E;920;2816;Auﬂenlandefeld;1060;;1  .  0;0;250;130;4;sonstiger Belag;1
GREDING  MIL;GREMI;;49.03'450"N;011.20'850"E;500;1792;Segelfluggel‰nde;1060;;122.100;0;600;80;3;Gras;1
Gammelsdorf;Gammls;;48.34'467"N;011.56'100"E;484;1792;Segelfluggel‰nde;1060;;129.975;1;0;0;5;Belag unbekannt;1
Ganderkesee Atlas Airfield;Gandrk;;53.02'250"N;008.30'370"E;29;768;Sonderlandeplatz;1060;EDWQ;118.625;1;799;260;1;Asphalt;1
Garbenheimer Wiesen;Garbnh;;50.34'267"N;008.31'450"E;151;1792;Segelfluggel‰nde;1060;;122.300;1;0;0;5;Belag unbekannt;1
Gardelegen;Gardlg;;52.31'750"N;011.21'330"E;70;768;Sonderlandeplatz;1060;EDOC;122.850;1;550;260;3;Gras;1
Gedern;Gedern;;50.25'933"N;009.11'650"E;370;1792;Segelfluggel‰nde;1060;;123.475;1;0;0;5;Belag unbekannt;1
Geilenkirchen-Teveren;Geilnk;;50.57'650"N;006.02'550"E;87;1792;Segelfluggel‰nde;1060;;129.975;1;0;0;5;Belag unbekannt;1
Geitau;Geitau;;47.40'950"N;011.57'750"E;810;1792;Segelfluggel‰nde;1060;;123.400;1;0;0;5;Belag unbekannt;1
Gelnhausen;Gelnhs;;50.11'800"N;009.10'270"E;126;768;Sonderlandeplatz;1060;EDFG;123.050;1;740;75;3;Gras;1
Gera-Leumnitz;GerLmn;;50.52'920"N;012.08'330"E;309;768;Sonderlandeplatz;1060;EDAJ;122.425;1;750;240;1;Asphalt;1
Geratshof;Gertsh;;47.59'567"N;010.50'650"E;632;1792;Segelfluggel‰nde;1060;;123.500;1;0;0;5;Belag unbekannt;1
Gerstetten;Gerstt;;48.37'330"N;010.03'730"E;602;768;Sonderlandeplatz;1060;EDPT;123.000;1;530;260;3;Gras;1
Giebelstadt;Giebls;;49.38'950"N;009.58'017"E;9999;512;milit‰rischer Flugplatz;1060;ETEU;122.100;1;2134;260;0;Beton;1
Giengen-Brenz;Giengn;;48.38'170"N;010.13'000"E;517;768;Sonderlandeplatz;1060;EDNG;122.350;1;480;350;1;Asphalt;1
Giessen;Giessn;;50.36'283"N;008.44'017"E;165;1792;Segelfluggel‰nde;1060;;123.350;1;0;0;5;Belag unbekannt;1
Giessen-Luetzellinden;Giess1;;50.32'700"N;008.35'470"E;230;768;Sonderlandeplatz;1060;EDFL;122.500;1;716;250;1;Asphalt;1
Giessen-Reiskirchen;Giess2;;50.34'080"N;008.52'250"E;214;768;Sonderlandeplatz;1060;EDGR;123.650;1;440;220;3;Gras;1
Goerlitz;Goerlt;;51.09'500"N;014.57'000"E;237;768;Sonderlandeplatz;1060;EDBX;122.000;1;750;240;3;Gras;1
Gotha-Ost;GothOs;;50.58'420"N;010.43'670"E;302;768;Sonderlandeplatz;1060;EDEG;122.500;1;470;260;3;Gras;1
Grabenstetten;Grabns;;48.32'167"N;009.26'183"E;700;1792;Segelfluggel‰nde;1060;;130.125;1;0;0;5;Belag unbekannt;1
Grafenwoehr;Grafnw;;49.41'900"N;011.56'500"E;415;512;milit‰rischer Flugplatz;1060;ETIC;122.100;1;1019;320;0;Beton;1
Grambeker Heide;Grambk;;53.34'933"N;010.40'933"E;41;1792;Segelfluggel‰nde;1060;;123.400;1;0;0;5;Belag unbekannt;1
Gransee;Grans;;53.00'400"N;013.12'300"E;50;768;Sonderlandeplatz;1060;EDOG;126.725;1;750;290;3;Gras;1
Greding;Gredng;;49.03'750"N;011.17'483"E;523;1792;Segelfluggel‰nde;1060;;122.500;1;0;0;5;Belag unbekannt;1
Grefrath-Niershorst;Grefrt;;51.20'000"N;006.21'600"E;32;768;Sonderlandeplatz;1060;EDLF;123.625;1;575;250;3;Gras;1
Greiling;Grelng;;47.45'933"N;011.35'900"E;717;1792;Segelfluggel‰nde;1060;;123.350;1;0;0;5;Belag unbekannt;1
Greiz-Obergrochlitz;GrezOb;;50.38'750"N;012.10'420"E;380;768;Sonderlandeplatz;1060;EDOT;122.000;1;480;230;3;Gras;1
Grevenbroich' Gustorfer Hoehe;Grevnb;;51.04'633"N;006.32'817"E;89;1792;Segelfluggel‰nde;1060;;123.500;1;0;0;5;Belag unbekannt;1
Griesau;Gris;;48.57'280"N;012.25'370"E;323;768;Sonderlandeplatz;1060;EDPG;122.600;1;445;330;3;Gras;1
Grifte (Edermuende);Grift(;;51.13'250"N;009.26'800"E;200;1792;Segelfluggel‰nde;1060;;123.150;1;0;0;5;Belag unbekannt;1
Grosse Hoehe' Stadt Delmenhorst;GrossH;;52.59'183"N;008.34'333"E;20;1792;Segelfluggel‰nde;1060;;123.375;1;0;0;1;Asphalt;1
Grosse Wiese b Wolfenbuettel;GrossW;;52.08'383"N;010.34'067"E;78;1792;Segelfluggel‰nde;1060;;123.350;1;0;0;5;Belag unbekannt;1
Grossenhain;Grossn;;51.18'400"N;013.33'300"E;127;768;Sonderlandeplatz;1060;EDAK;122.700;1;1640;300;0;Beton;1
Grosses Moor b. Hannov.;Grosss;;52.32'217"N;010.01'283"E;43;1792;Segelfluggel‰nde;1060;;122.200;1;0;0;5;Belag unbekannt;1
Grossrueckerswalde;Grossr;;50.38'600"N;013.07'680"E;670;768;Sonderlandeplatz;1060;EDAG;123.000;1;1000;290;3;Gras;1
Grube;Grube;;54.14'700"N;011.01'500"E;2;768;Sonderlandeplatz;1060;EDHB;122.600;1;500;270;3;Gras;1
Gruenstadt Quirnheimer Berg;Grunst;;49.35'133"N;008.07'833"E;3115;1792;Segelfluggel‰nde;1060;;122.300;1;0;0;5;Belag unbekannt;1
Gruibingen-Nortel;Grubng;;48.37'283"N;009.39'350"E;706;1792;Segelfluggel‰nde;1060;;129.975;1;0;0;5;Belag unbekannt;1
Guenterode;Guentr;;51.24'567"N;010.08'850"E;363;1792;Segelfluggel‰nde;1060;;122.200;1;0;0;5;Belag unbekannt;1
Guenzburg-Donauried;Guenzb;;48.29'280"N;010.17'080"E;444;768;Sonderlandeplatz;1060;EDMG;118.125;1;580;240;3;Gras;1
Guestrow;Guestr;;53.48'400"N;012.13'930"E;14;768;Sonderlandeplatz;1060;EDCU;122.000;1;700;270;3;Gras;1
Guetersloh (mil/civ);Guetrs;;51.55'400"N;008.18'500"E;72;768;Sonderlandeplatz;1060;ETUO;124.250;1;2252;270;0;Beton;1
Guettin-Ruegen;Guettn;;54.23'000"N;013.19'500"E;21;768;Sonderlandeplatz;1060;EDCG;123.000;1;900;260;1;Asphalt;1
Gundelfingen;Gundlf;;48.34'200"N;010.21'600"E;441;768;Sonderlandeplatz;1060;EDMU;122.500;1;480;280;3;Gras;1
Gunzenhausen-Reutberg;Gunznh;;49.06'780"N;010.46'980"E;485;768;Sonderlandeplatz;1060;EDMH;118.550;1;530;240;1;Asphalt;1
HAGEN HOF 15M;HAGE"N;;51.18'450"N;007.25'617"E;200;768;Sonderlandeplatz;1060;!;129.975;0;400;100;3;Gras;1
HALBMEIL        *FL06;HALBM;;48.17'750"N;008.15'417"E;290;2816;Auﬂenlandefeld;1060;;1  .  0;0;170;140;4;sonstiger Belag;1
HASLACH         *FL08;HASCH;;48.17'267"N;008.04'150"E;210;2816;Auﬂenlandefeld;1060;;1  .  0;0;400;140;4;sonstiger Belag;1
HAUSACH         *FL07;HAUAC;;48.17'117"N;008.09'733"E;230;2816;Auﬂenlandefeld;1060;;1  .  0;0;600;100;4;sonstiger Belag;1
HAUSEN          *FELD;HAUE"N;;47.40'450"N;007.50'583"E;400;2816;Auﬂenlandefeld;1060;;1  .  0;0;400;20;4;sonstiger Belag;1
HELM UNTERTHAL  *;HELMU;;50.09'350"N;009.52'633"E;300;2816;Auﬂenlandefeld;1060;;1  .  0;0;400;180;3;Gras;1
HERRISCHRIED    *FELD;HERRI;;47.40'517"N;008.00'467"E;920;2816;Auﬂenlandefeld;1060;;1  .  0;0;250;120;4;sonstiger Belag;1
HOECHENSCHWAND1 *FELD;HOE11;;47.43'667"N;008.10'667"E;980;2816;Auﬂenlandefeld;1060;;1  .  0;0;300;110;4;sonstiger Belag;1
HOFFELD PRUEFE"N;HOFF"E;;48.25'283"N;010.09'100"E;472;768;Sonderlandeplatz;1060;?;1  .  0;0;700;70;3;Gras;1
Hahn;Hahn;;49.56'970"N;007.15'900"E;503;1024;Flughafen;1060;EDFH;119.650;1;3045;210;1;Asphalt;1
Haiterbach-Nagold;Haitrb;;48.31'900"N;008.40'600"E;595;1792;Segelfluggel‰nde;1060;;123.350;1;0;0;5;Belag unbekannt;1
Halle-Oppin;HallOp;;51.33'100"N;012.03'250"E;106;768;Sonderlandeplatz;1060;EDAQ;135.150;1;1060;290;1;Asphalt;1
Hallertau;Hallrt;;48.38'983"N;011.35'850"E;385;1792;Segelfluggel‰nde;1060;;123.350;1;0;0;5;Belag unbekannt;1
Halver im Heede;Halvrm;;51.10'433"N;007.30'700"E;418;1792;Segelfluggel‰nde;1060;;123.350;1;0;0;5;Belag unbekannt;1
Hamburg;Hambrg;;53.37'800"N;009.59'370"E;16;256;Internationaler Flugplatz;1060;EDDH;126.850;1;3250;51;0;Beton;1
Hamburg-Finkenwerder;Hambr1;;53.32'200"N;009.50'200"E;5;768;Sonderlandeplatz;1060;EDHI;123.250;1;1875;230;0;Beton;1
Hamm-Lippewiesen;HammLp;;51.41'480"N;007.49'050"E;58;768;Sonderlandeplatz;1060;EDLH;122.625;1;730;240;3;Gras;1
Hanau;Hanau;;50.10'100"N;008.57'700"E;0;512;milit‰rischer Flugplatz;1060;ETID;122.100;1;916;280;0;Beton;1
Hangensteiner Hof;Hangns;;48.55'250"N;008.49'417"E;295;1792;Segelfluggel‰nde;1060;;123.150;1;0;0;5;Belag unbekannt;1
Hannover;Hannvr;;52.27'600"N;009.41'080"E;56;256;Internationaler Flugplatz;1060;EDDV;120.175;1;2340;93;1;Asphalt;1
Harle;Harle;;53.42'400"N;007.49'330"E;2;768;Sonderlandeplatz;1060;EDXP;122.400;1;510;270;1;Asphalt;1
Hartenholm;Hartnh;;53.55'000"N;010.02'400"E;33;768;Sonderlandeplatz;1060;EDHM;118.125;1;506;230;1;Asphalt;1
Hasselfelde;Hasslf;;51.42'350"N;010.51'700"E;500;1792;Segelfluggel‰nde;1060;;123.425;1;0;0;5;Belag unbekannt;1
Hassfurt-Schweinfurt;Hassfr;;50.01'150"N;010.31'850"E;219;768;Sonderlandeplatz;1060;EDQT;119.800;1;1100;290;1;Asphalt;1
Hassloch Pfalz;Hasslc;;49.21'367"N;008.17'500"E;108;1792;Segelfluggel‰nde;1060;;123.500;1;0;0;5;Belag unbekannt;1
Hayingen;Hayngn;;48.17'267"N;009.27'683"E;708;1792;Segelfluggel‰nde;1060;;123.500;1;0;0;5;Belag unbekannt;1
Heide-Buesum;HeidBs;;54.09'300"N;008.54'170"E;2;768;Sonderlandeplatz;1060;EDXB;122.600;1;720;290;1;Asphalt;1
Heidelberg;Heidlb;;49.23'000"N;008.39'000"E;9999;512;milit‰rischer Flugplatz;1060;ETI"E;122.100;1;1055;250;1;Asphalt;1
Heilbronn-Boeckingen;Heilbr;;49.07'350"N;009.10'967"E;156;1792;Segelfluggel‰nde;1060;;123.500;1;0;0;5;Belag unbekannt;1
Heiligenberg;Heilgn;;47.49'950"N;009.18'100"E;760;1792;Segelfluggel‰nde;1060;;123.500;1;0;0;5;Belag unbekannt;1
Helgoland-Duene;Helgln;;54.11'100"N;007.55'000"E;2;768;Sonderlandeplatz;1060;EDXH;122.450;1;258;60;0;Beton;1
Hellenhagen;Hellnh;;52.01'600"N;009.34'217"E;200;1792;Segelfluggel‰nde;1060;;123.150;1;0;0;5;Belag unbekannt;1
Hellingst;Hellng;;53.22'533"N;008.51'017"E;23;1792;Segelfluggel‰nde;1060;;123.500;1;0;0;5;Belag unbekannt;1
Hengsen-Opherdicke;Hengsn;;51.28'450"N;007.39'300"E;125;1792;Segelfluggel‰nde;1060;;123.450;1;0;0;5;Belag unbekannt;1
Heppenheim-Landesgrenze;Heppnh;;49.37'383"N;008.37'400"E;9999;1792;Segelfluggel‰nde;1060;;122.475;1;0;0;5;Belag unbekannt;1
Heringsdorf;Herngs;;53.52'730"N;014.09'100"E;28;1024;Flughafen;1060;EDAH;132.825;1;2300;280;1;Asphalt;1
Hermuthausen;Hermth;;49.18'883"N;009.44'683"E;409;1792;Segelfluggel‰nde;1060;;123.500;1;0;0;5;Belag unbekannt;1
Herrenteich;Herrnt;;49.20'770"N;008.29'320"E;94;768;Sonderlandeplatz;1060;EDEH;132.050;1;535;220;3;Gras;1
Hersbruck;Hersbr;;49.30'433"N;011.27'000"E;338;1792;Segelfluggel‰nde;1060;;123.350;1;0;0;5;Belag unbekannt;1
Herten-Rheinfelden;HertnR;;47.33'500"N;007.44'500"E;282;768;Sonderlandeplatz;1060;EDTR;123.250;1;405;240;3;Gras;1
Herzogenaurach;Herzgn;;49.35'080"N;010.52'400"E;326;768;Sonderlandeplatz;1060;EDQH;122.850;1;690;260;1;Asphalt;1
Hessisch-Lichtenau;Hesssc;;51.11'433"N;009.44'933"E;410;1792;Segelfluggel‰nde;1060;;123.500;1;0;0;5;Belag unbekannt;1
Hettstadt;Hettst;;49.47'980"N;009.50'280"E;320;768;Sonderlandeplatz;1060;EDGH;122.425;1;550;270;3;Gras;1
Hetzleser Berg;Hetzls;;49.38'500"N;011.09'780"E;533;768;Sonderlandeplatz;1060;EDQX;123.600;1;558;260;1;Asphalt;1
Heubach;Heubch;;48.48'100"N;009.55'720"E;434;768;Sonderlandeplatz;1060;EDTH;123.025;1;750;250;1;Asphalt;1
Hienheim;Hienhm;;48.52'667"N;011.45'750"E;400;1792;Segelfluggel‰nde;1060;;123.500;1;0;0;5;Belag unbekannt;1
Hilden-Kesselweier;HildnK;;51.11'233"N;006.58'483"E;90;1792;Segelfluggel‰nde;1060;;123.375;1;0;0;5;Belag unbekannt;1
Hildesheim;Hildsh;;52.10'850"N;009.56'830"E;89;768;Sonderlandeplatz;1060;EDVM;118.300;1;940;250;1;Asphalt;1
Hilzingen;Hilzng;;47.45'617"N;008.46'050"E;453;1792;Segelfluggel‰nde;1060;;123.375;1;0;0;5;Belag unbekannt;1
Hirzenhain;Hirznh;;50.47'370"N;008.23'620"E;520;768;Sonderlandeplatz;1060;EDFI;118.325;1;650;290;3;Gras;1
Hockenheim;Hocknh;;49.19'580"N;008.31'770"E;96;768;Sonderlandeplatz;1060;EDFX;123.650;1;820;320;3;Gras;1
Hodenhagen;Hodnhg;;52.45'830"N;009.36'570"E;24;768;Sonderlandeplatz;1060;EDVH;119.000;1;650;210;3;Gras;1
Hoelleberg;Hoellb;;51.36'750"N;009.23'920"E;255;768;Sonderlandeplatz;1060;EDVL;122.000;1;520;260;3;Gras;1
Hoepen;Hoepen;;53.08'850"N;009.47'767"E;73;1792;Segelfluggel‰nde;1060;;122.475;1;0;0;5;Belag unbekannt;1
Hoerbach;Hoerbc;;50.40'233"N;008.13'367"E;330;1792;Segelfluggel‰nde;1060;;130.125;1;0;0;5;Belag unbekannt;1
Hoexter-Holzminden;Hoextr;;51.48'480"N;009.22'770"E;285;768;Sonderlandeplatz;1060;EDVI;123.625;1;744;320;1;Asphalt;1
Hof-Plauen;HofPln;;50.17'400"N;011.51'380"E;597;1024;Flughafen;1060;EDQM;124.350;1;1480;270;1;Asphalt;1
Hohenfels;Hohnfl;;49.13'000"N;011.50'200"E;445;512;milit‰rischer Flugplatz;1060;ETIH;122.100;1;667;270;5;Belag unbekannt;1
Hoherodskopf;Hohrds;;50.29'933"N;009.12'933"E;670;1792;Segelfluggel‰nde;1060;;123.150;1;0;0;5;Belag unbekannt;1
Hohn;Hoh1;;54.19'167"N;009.32'500"E;24;512;milit‰rischer Flugplatz;1060;ETNH;122.100;1;2440;80;0;Beton;1
Holtorfsloh;Holtrf;;53.19'333"N;010.04'450"E;50;1792;Segelfluggel‰nde;1060;;123.350;1;0;130;3;Gras;1
Holzdorf;Holzdr;;51.46'083"N;013.10'083"E;82;512;milit‰rischer Flugplatz;1060;ETSH;122.100;1;2420;280;0;Beton;1
Homberg/Ohm;Hombrg;;50.44'833"N;009.01'183"E;350;1792;Segelfluggel‰nde;1060;;123.500;1;0;0;5;Belag unbekannt;1
Hoppstaedten-Weiersbach;Hoppst;;49.36'770"N;007.11'150"E;333;768;Sonderlandeplatz;1060;EDRH;120.600;1;500;58;1;Asphalt;1
Hopsten;Hopstn;;52.20'250"N;007.32'267"E;39;512;milit‰rischer Flugplatz;1060;ETNP;122.100;1;2440;10;1;Asphalt;1
Hornberg;Hornbr;;48.44'733"N;009.51'767"E;675;1792;Segelfluggel‰nde;1060;;122.025;1;0;0;5;Belag unbekannt;1
Hoya;Hoya;;52.48'717"N;009.09'733"E;17;1792;Segelfluggel‰nde;1060;;122.475;1;0;0;5;Belag unbekannt;1
Huelben;Huelbn;;48.31'833"N;009.24'017"E;720;1792;Segelfluggel‰nde;1060;;123.150;1;0;0;5;Belag unbekannt;1
Huensborn;Huensb;;50.55'820"N;007.54'000"E;398;768;Sonderlandeplatz;1060;EDKH;130.125;1;700;270;3;Gras;1
Huetten/Hotzenwald;Huettn;;47.38'033"N;007.56'467"E;873;1792;Segelfluggel‰nde;1060;;130.125;1;0;0;5;Belag unbekannt;1
Huettenbusch;Huett1;;53.17'270"N;008.56'800"E;3;768;Sonderlandeplatz;1060;EDXU;122.850;1;450;270;3;Gras;1
Huhnrain bei Poppenhausen;Huhnrn;;50.29'400"N;009.50'700"E;420;1792;Segelfluggel‰nde;1060;;133.425;1;0;0;5;Belag unbekannt;1
Husum-Schwesing;HusmSc;;54.30'600"N;009.08'300"E;19;768;Sonderlandeplatz;1060;EDXJ;122.050;1;1140;210;1;Asphalt;1
IBACH           *FELD;IBAAC;;47.43'617"N;008.03'867"E;920;2816;Auﬂenlandefeld;1060;;1  .  0;0;250;170;3;Gras;1
IBACH X         *FL02;IBAXX;;48.26'733"N;008.10'083"E;310;2816;Auﬂenlandefeld;1060;;121.500;0;250;160;4;sonstiger Belag;1
IGELSBERG       *FL04;IGLSB;;48.32'250"N;008.26'033"E;750;2816;Auﬂenlandefeld;1060;;1  .  0;0;300;60;4;sonstiger Belag;1
IGELSLOCH       *FL12;IGELS;;48.44'833"N;008.39'400"E;665;2816;Auﬂenlandefeld;1060;;1  .  0;0;250;110;4;sonstiger Belag;1
Idar-Oberstein/Goettschied;IdarOb;;49.44'030"N;007.20'330"E;480;768;Sonderlandeplatz;1060;EDRG;122.850;1;650;250;3;Gras;1
Illertissen;Illrts;;48.14'170"N;010.08'330"E;512;768;Sonderlandeplatz;1060;EDMI;129.500;1;540;260;3;Gras;1
Illesheim;Illshm;;49.28'500"N;010.23'383"E;9999;512;milit‰rischer Flugplatz;1060;ETIK;122.100;1;0;0;5;Belag unbekannt;1
Ingelfingen-Buehlhof;Inglfn;;49.19'330"N;009.39'430"E;419;768;Sonderlandeplatz;1060;EDGI;130.600;1;480;250;1;Asphalt;1
Ingolstadt-Manching;Inglst;;48.42'900"N;011.32'100"E;366;1024;Flughafen;1060;ETSI;129.850;1;2439;68;0;Beton;1
Irsingen;Irsngn;;49.02'317"N;010.30'200"E;465;1792;Segelfluggel‰nde;1060;;122.475;1;0;0;5;Belag unbekannt;1
Iserlohn-Rheinermark;Iserlh;;51.25'783"N;007.38'600"E;191;1792;Segelfluggel‰nde;1060;;123.500;1;0;0;5;Belag unbekannt;1
Iserlohn-Suemmern;Iserl1;;51.26'200"N;007.41'983"E;155;1792;Segelfluggel‰nde;1060;;122.425;1;0;0;5;Belag unbekannt;1
Isny-Rotmos;IsnyRt;;47.42'050"N;010.01'300"E;685;1792;Segelfluggel‰nde;1060;;123.500;1;0;0;5;Belag unbekannt;1
Ithwiesen;Ithwsn;;51.57'133"N;009.39'683"E;370;1792;Segelfluggel‰nde;1060;;123.375;1;0;0;5;Belag unbekannt;1
Itzehoe;Itzh;;53.59'033"N;009.34'033"E;22;512;milit‰rischer Flugplatz;1060;ETHI;122.100;1;500;30;1;Asphalt;1
JACHENAU HOEFEN *FLD0;JACH"E;;47.36'000"N;011.29'000"E;750;2816;Auﬂenlandefeld;1060;;1  .  0;0;300;100;3;Gras;1
JUETERBOG CLOSED*   ?;JUET"E;;51.59'717"N;012.59'283"E;100;2816;Auﬂenlandefeld;1060;;1  .  0;0;1500;100;3;Gras;1
Jena-Schoengleina;JenSch;;50.54'800"N;011.42'820"E;380;768;Sonderlandeplatz;1060;EDBJ;122.050;1;790;80;1;Asphalt;1
Jesenwang;Jesnwn;;48.10'520"N;011.07'580"E;567;768;Sonderlandeplatz;1060;EDMJ;122.425;1;408;250;1;Asphalt;1
Jever;Jever;;53.32'050"N;007.53'400"E;7;512;milit‰rischer Flugplatz;1060;ETNJ;122.100;1;2480;100;0;Beton;1
Johannisau;Johnns;;50.31'933"N;009.39'433"E;250;1792;Segelfluggel‰nde;1060;;122.300;1;0;0;5;Belag unbekannt;1
Juist;Juist;;53.40'930"N;007.03'520"E;2;768;Sonderlandeplatz;1060;EDWJ;120.500;1;700;82;0;Beton;1
KAELBERBRONN    *FL01;KAELB;;48.31'917"N;008.29'750"E;705;2816;Auﬂenlandefeld;1060;;1  .  0;0;210;230;4;sonstiger Belag;1
KLIPPENECK FELD *FELD;KLIF"E;;48.06'333"N;008.43'167"E;690;2816;Auﬂenlandefeld;1060;;1  .  0;0;300;70;4;sonstiger Belag;1
KREUZBRUCH;KREUZ;;52.49'267"N;013.25'583"E;39;1792;Segelfluggel‰nde;1060;;122.200;0;800;70;3;Gras;1
KRUEN           *FLD0;KRUE"N;;47.31'000"N;011.16'000"E;900;2816;Auﬂenlandefeld;1060;;1  .  0;0;500;90;3;Gras;1
Kamen-Heeren;KamnHr;;51.35'383"N;007.42'533"E;62;1792;Segelfluggel‰nde;1060;;129.975;1;0;0;5;Belag unbekannt;1
Kamenz;Kamenz;;51.17'830"N;014.07'770"E;151;768;Sonderlandeplatz;1060;EDCM;122.050;1;1100;210;0;Beton;1
Kamp-Lintfort;KampLn;;51.31'700"N;006.32'220"E;27;768;Sonderlandeplatz;1060;EDLC;123.000;1;600;250;3;Gras;1
Karlshoefen;Karlsh;;53.20'050"N;009.01'730"E;6;768;Sonderlandeplatz;1060;EDWK;118.925;1;700;300;1;Asphalt;1
Karlsruhe-Forchheim;Karlsr;;48.58'850"N;008.19'920"E;116;768;Sonderlandeplatz;1060;EDTK;125.700;1;800;210;3;Gras;1
Karlsruhe/Baden-Baden;Karls1;;48.46'800"N;008.04'800"E;124;1024;Flughafen;1060;EDSB;125'875;1;2983;210;0;Beton;1
Karlstadt-Saupurzel;Karlst;;49.58'267"N;009.47'433"E;244;1792;Segelfluggel‰nde;1060;;123.500;1;0;0;5;Belag unbekannt;1
Kassel;Kassel;;51.24'480"N;009.22'700"E;276;1024;Flughafen;1060;EDVK;118.100;1;1500;42;1;Asphalt;1
Kaufbeuren;Kaufbr;;47.51'733"N;010.36'883"E;717;1792;Segelfluggel‰nde;1060;;122.100;1;0;0;5;Belag unbekannt;1
Kehl-Sundheim;KehlSn;;48.33'580"N;007.51'070"E;138;768;Sonderlandeplatz;1060;EDSK;122.750;1;475;210;3;Gras;1
Kell;Kell;;49.37'400"N;006.50'400"E;560;1792;Segelfluggel‰nde;1060;;123.150;1;0;0;5;Belag unbekannt;1
Kempten-Durach;Kemptn;;47.41'620"N;010.20'370"E;713;768;Sonderlandeplatz;1060;EDMK;122.000;1;610;171;3;Gras;1
Kiel-Holtenau;KielHl;;54.22'870"N;010.08'780"E;31;1024;Flughafen;1060;EDHK;119.975;1;1260;260;0;Beton;1
Kirchdorf/Inn;Kirchd;;48.14'370"N;012.58'600"E;347;768;Sonderlandeplatz;1060;EDNK;118.625;1;670;220;3;Gras;1
Kirchheim-T./Hahnweide;Kirchh;;48.37'917"N;009.25'917"E;352;1792;Segelfluggel‰nde;1060;;123.250;1;0;0;5;Belag unbekannt;1
Kirchzarten;Kirchz;;47.57'100"N;007.57'350"E;409;1792;Segelfluggel‰nde;1060;;122.475;1;0;0;5;Belag unbekannt;1
Kirn;Kirn;;49.47'000"N;007.30'833"E;435;1792;Segelfluggel‰nde;1060;;122.300;1;0;0;5;Belag unbekannt;1
Kitzingen;Kitzng;;49.44'600"N;010.12'200"E;200;1792;Segelfluggel‰nde;1060;;123.350;1;0;0;5;Belag unbekannt;1
Klein Gartz;KlenGr;;52.49'750"N;011.19'167"E;34;1792;Segelfluggel‰nde;1060;;122.200;1;0;0;5;Belag unbekannt;1
Klein Muehlingen;KlenMh;;51.56'900"N;011.46'200"E;52;768;Sonderlandeplatz;1060;EDOM;122.000;1;420;270;3;Gras;1
Kleve-Wisseler Duenen;KlevWs;;51.45'967"N;006.17'950"E;18;1792;Segelfluggel‰nde;1060;;123.500;1;0;0;5;Belag unbekannt;1
Klietz-Scharlibbe;KlitzS;;52.42'600"N;012.04'400"E;29;768;Sonderlandeplatz;1060;EDCL;122.375;1;610;350;3;Gras;1
Klippeneck;Klippn;;48.06'450"N;008.45'767"E;950;1792;Segelfluggel‰nde;1060;;122.175;1;0;0;5;Belag unbekannt;1
Klix;Klix;;51.16'400"N;014.30'400"E;148;768;Sonderlandeplatz;1060;EDCI;122.200;1;760;280;3;Gras;1
Koblenz-Winningen;Koblnz;;50.19'530"N;007.31'700"E;195;768;Sonderlandeplatz;1060;EDRK;122.650;1;995;240;1;Asphalt;1
Koeln-Bonn;KoelnB;;50.52'030"N;007.08'620"E;91;256;Internationaler Flugplatz;1060;EDDK;124.975;1;2459;66;0;Beton;1
Koenigsdorf;Koengs;;47.49'817"N;011.27'733"E;601;1792;Segelfluggel‰nde;1060;;118.275;1;0;0;5;Belag unbekannt;1
Koethen;Koethn;;51.43'430"N;011.56'800"E;93;768;Sonderlandeplatz;1060;EDCK;123.650;1;800;250;0;Beton;1
Konstanz;Konstn;;47.40'970"N;009.08'300"E;397;768;Sonderlandeplatz;1060;EDTZ;119.900;1;615;300;3;Gras;1
Konz-Koenen;KonzKn;;49.40'667"N;006.32'633"E;215;1792;Segelfluggel‰nde;1060;;123.350;1;0;0;5;Belag unbekannt;1
Korbach;Korbch;;51.15'320"N;008.52'630"E;390;768;Sonderlandeplatz;1060;EDGK;119.975;1;600;210;3;Gras;1
Krefeld-Egelsberg;Krefld;;51.23'250"N;006.35'150"E;43;768;Sonderlandeplatz;1060;EDLK;122.850;1;640;240;3;Gras;1
Kronach;Kronch;;50.14'617"N;011.21'567"E;453;1792;Segelfluggel‰nde;1060;;123.350;1;0;0;5;Belag unbekannt;1
Kuehrstedt-Bederkesa;Kuehrs;;53.34'150"N;008.47'400"E;8;768;Sonderlandeplatz;1060;EDXZ;122.625;1;396;300;3;Gras;1
Kulmbach;Kulmbc;;50.08'170"N;011.27'500"E;506;768;Sonderlandeplatz;1060;EDQK;118.525;1;719;270;1;Asphalt;1
Kusel-Langenbach;KuslLn;;49.28'750"N;007.18'617"E;450;1792;Segelfluggel‰nde;1060;;123.350;1;0;0;5;Belag unbekannt;1
Kyritz;Kyritz;;52.55'250"N;012.25'500"E;40;768;Sonderlandeplatz;1060;EDBK;122.725;1;1000;320;1;Asphalt;1
LANGENBRAND     *FL13;LANXX;;48.48'333"N;008.37'617"E;700;2816;Auﬂenlandefeld;1060;;1  .  0;0;400;330;4;sonstiger Belag;1
LASSAHN         *AGRA;LASSA;;53.36'567"N;010.58'883"E;72;2816;Auﬂenlandefeld;1060;;1  .  0;0;400;90;0;Beton;1
LENZKIRCH       *FELD;LENZK;;47.52'183"N;008.11'367"E;865;2816;Auﬂenlandefeld;1060;;1  .  0;0;300;90;4;sonstiger Belag;1
LEUTHEN AGRAR   *AGR?;LEUTH;;51.41'317"N;014.15'567"E;85;2816;Auﬂenlandefeld;1060;;1  .  0;0;600;30;3;Gras;1
LOMBACH         *FL01;LOMBA;;48.25'617"N;008.27'767"E;660;2816;Auﬂenlandefeld;1060;;1  .  0;0;220;100;4;sonstiger Belag;1
LUDWIGSBURG PATT;LUDBU;;48.51'850"N;009.13'483"E;290;768;Sonderlandeplatz;1060;S-!;122.100;0;800;110;3;Gras;1
Laarbruch;Laarbr;;51.36'200"N;006.08'700"E;32;512;milit‰rischer Flugplatz;1060;;122.100;1;2442;95;0;Beton;1
Lachen-Speyerdorf;LachnS;;49.19'920"N;008.12'370"E;120;768;Sonderlandeplatz;1060;EDRL;118.175;1;1000;300;3;Gras;1
Lager Hammelburg;LagrHm;;50.05'980"N;009.53'080"E;345;768;Sonderlandeplatz;1060;EDFJ;118.425;1;553;280;1;Asphalt;1
Lahr;Lahr;;48.22'200"N;007.49'700"E;155;1024;Flughafen;1060;EDTL;125.175;1;3000;210;0;Beton;1
Laichingen;Laichn;;48.29'850"N;009.38'420"E;742;768;Sonderlandeplatz;1060;EDPJ;127.700;1;402;71;1;Asphalt;1
Landau-Ebenberg;LandEb;;49.10'650"N;008.08'150"E;160;1792;Segelfluggel‰nde;1060;;123.375;1;0;0;5;Belag unbekannt;1
Landsberg/Lech;Landsb;;48.04'233"N;010.54'367"E;620;1792;Segelfluggel‰nde;1060;;129.850;1;0;0;5;Belag unbekannt;1
Landshut;Landsh;;48.30'820"N;012.02'180"E;400;768;Sonderlandeplatz;1060;EDML;129.800;1;900;250;1;Asphalt;1
Langenberg bei Hattenbach;Langnb;;50.47'867"N;009.33'750"E;350;1792;Segelfluggel‰nde;1060;;123.500;1;0;0;5;Belag unbekannt;1
Langenfeld-Wiescheid;Langnf;;51.08'483"N;006.59'117"E;86;1792;Segelfluggel‰nde;1060;;122.475;1;0;0;5;Belag unbekannt;1
Langenlonsheim;Langnl;;49.54'500"N;007.54'500"E;90;768;Sonderlandeplatz;1060;EDEL;122.875;1;450;190;3;Gras;1
Langenselbold;Langns;;50.10'500"N;009.03'600"E;120;1792;Segelfluggel‰nde;1060;;129.975;1;0;0;5;Belag unbekannt;1
Langeoog;Langg;;53.44'670"N;007.29'970"E;2;768;Sonderlandeplatz;1060;EDWL;122.025;1;600;61;0;Beton;1
Langhennersdorf;Langhn;;50.56'800"N;013.15'770"E;386;768;Sonderlandeplatz;1060;EDOH;122.300;1;900;230;3;Gras;1
Laucha;Laucha;;51.14'800"N;011.41'600"E;225;768;Sonderlandeplatz;1060;EDBL;123.350;1;720;270;3;Gras;1
Lauenbrueck;Launbr;;53.12'400"N;009.34'400"E;30;768;Sonderlandeplatz;1060;EDHU;123.650;1;600;290;3;Gras;1
Lauf-Lillinghof;LaufLl;;49.36'350"N;011.17'000"E;545;768;Sonderlandeplatz;1060;EDQI;122.000;1;450;74;1;Asphalt;1
Laufenselden;Laufns;;50.13'533"N;007.59'950"E;400;1792;Segelfluggel‰nde;1060;;122.475;1;0;0;5;Belag unbekannt;1
Laupheim;Lauphm;;48.13'333"N;009.54'417"E;538;512;milit‰rischer Flugplatz;1060;ETHL;122.100;1;1646;90;1;Asphalt;1
Lauterbach;Lautrb;;50.41'070"N;009.24'680"E;369;768;Sonderlandeplatz;1060;EDFT;122.175;1;680;67;3;Gras;1
Lechfeld;Lechfl;;48.11'133"N;010.51'667"E;475;1792;Segelfluggel‰nde;1060;;135.150;1;0;0;5;Belag unbekannt;1
Leck;Leck;;54.47'400"N;008.57'700"E;7;768;Sonderlandeplatz;1060;EDXK;122.600;1;820;120;3;Gras;1
Leer-Papenburg;LeerPp;;53.16'300"N;007.26'630"E;1;768;Sonderlandeplatz;1060;EDWF;130.775;1;800;260;1;Asphalt;1
Leibertingen;Leibrt;;48.02'467"N;009.01'817"E;830;1792;Segelfluggel‰nde;1060;;129.975;1;0;0;5;Belag unbekannt;1
Leipheim;Leiphm;;48.26'350"N;010.14'033"E;477;1792;Segelfluggel‰nde;1060;;122.500;1;0;0;5;Belag unbekannt;1
Leipzig-Halle;Leipzg;;51.25'400"N;012.14'200"E;142;256;Internationaler Flugplatz;1060;EDDP;121.100;1;2500;280;0;Beton;1
Lemwerder;Lemwrd;;53.08'680"N;008.37'470"E;6;1024;Flughafen;1060;EDWD;122.350;1;1900;340;0;Beton;1
Leutkirch-Unterzeil;Leutkr;;47.51'580"N;010.00'930"E;640;768;Sonderlandeplatz;1060;EDNL;122.875;1;810;240;1;Asphalt;1
Leuzendorf;Leuznd;;49.21'117"N;010.04'517"E;461;1792;Segelfluggel‰nde;1060;;123.500;1;0;0;5;Belag unbekannt;1
Leverkusen;Levrks;;51.01'000"N;007.00'420"E;48;768;Sonderlandeplatz;1060;EDKL;122.425;1;700;330;3;Gras;1
Lichtenfels;Lichtn;;50.08'970"N;011.02'800"E;260;768;Sonderlandeplatz;1060;EDQL;123.000;1;700;220;3;Gras;1
Lindlar;Lindlr;;50.59'667"N;007.22'333"E;311;1792;Segelfluggel‰nde;1060;;123.500;1;0;0;5;Belag unbekannt;1
Linkenheim;Linknh;;49.08'530"N;008.23'730"E;99;768;Sonderlandeplatz;1060;EDRI;122.600;1;630;230;3;Gras;1
Loechgau;Loechg;;49.00'067"N;009.04'950"E;266;1792;Segelfluggel‰nde;1060;;123.475;1;0;0;5;Belag unbekannt;1
Ludwigshafen-Dannstadt;Ludwgs;;49.24'700"N;008.20'900"E;96;1792;Segelfluggel‰nde;1060;;130.125;1;0;0;5;Belag unbekannt;1
Luebeck-Blankensee;Luebck;;53.48'300"N;010.43'200"E;16;1024;Flughafen;1060;EDHL;128.700;1;1800;250;0;Beton;1
Luechow-Rehbeck;Luechw;;53.01'000"N;011.08'730"E;15;768;Sonderlandeplatz;1060;EDHC;122.500;1;650;340;1;Asphalt;1
Lueneburg;Luenbr;;53.14'800"N;010.27'600"E;49;768;Sonderlandeplatz;1060;EDHG;122.175;1;780;250;3;Gras;1
Luenen-Lippeweiden;LuennL;;51.37'050"N;007.30'100"E;49;1792;Segelfluggel‰nde;1060;;123.500;1;0;0;5;Belag unbekannt;1
Luesse;Luesse;;52.08'700"N;012.40'200"E;65;768;Sonderlandeplatz;1060;EDOJ;129.975;1;1020;250;3;Gras;1
MEISTERN        *FL09;MEIST;;48.41'567"N;008.32'700"E;550;2816;Auﬂenlandefeld;1060;;1  .  0;0;250;260;4;sonstiger Belag;1
MITTELTAL       *FL02;MITTL;;48.31'367"N;008.19'650"E;610;2816;Auﬂenlandefeld;1060;;1  .  0;0;150;40;4;sonstiger Belag;1
MOOSBURG AUF KIP;MOOSB;;48.27'400"N;011.56'483"E;421;768;Sonderlandeplatz;1060;S-!;123.650;0;850;40;3;Gras;1
Magdeburg;Magdbr;;52.04'400"N;011.37'600"E;81;1024;Flughafen;1060;EDBM;119.300;1;1000;270;0;Beton;1
Mainbullau;Mainbl;;49.41'770"N;009.10'980"E;458;768;Sonderlandeplatz;1060;EDFU;122.375;1;703;230;1;Asphalt;1
Mainz-Finthen;MainzF;;49.58'180"N;008.08'930"E;232;768;Sonderlandeplatz;1060;EDFZ;122.925;1;1000;80;0;Beton;1
Malmsheim;Malmsh;;48.46'967"N;008.55'100"E;450;1792;Segelfluggel‰nde;1060;;122.200;1;0;0;5;Belag unbekannt;1
Malsch;Malsch;;49.14'233"N;008.40'700"E;128;1792;Segelfluggel‰nde;1060;;129.975;1;0;0;5;Belag unbekannt;1
Mannheim City;Mannhm;;49.28'420"N;008.31'000"E;94;1024;Flughafen;1060;EDFM;118.400;1;1066;94;1;Asphalt;1
Marburg-Schoenstadt;Marbrg;;50.52'400"N;008.48'800"E;254;768;Sonderlandeplatz;1060;EDF"N;123.000;1;750;220;3;Gras;1
Markdorf;Markdr;;47.42'367"N;009.23'300"E;425;1792;Segelfluggel‰nde;1060;;123.350;1;0;0;5;Belag unbekannt;1
Marl-Loemuehle;MarlLm;;51.38'800"N;007.09'870"E;73;768;Sonderlandeplatz;1060;EDLM;122.000;1;702;250;1;Asphalt;1
Marpingen;Marpng;;49.27'183"N;007.02'350"E;360;1792;Segelfluggel‰nde;1060;;123.475;1;0;0;5;Belag unbekannt;1
Meiersberg;Meirsb;;51.17'933"N;006.57'450"E;146;1792;Segelfluggel‰nde;1060;;130.125;1;0;0;5;Belag unbekannt;1
Meinerzhagen;Meinrz;;51.06'130"N;007.36'030"E;472;768;Sonderlandeplatz;1060;EDKZ;130.600;1;820;250;1;Asphalt;1
Melle-Groenegau;MellGr;;52.12'130"N;008.22'720"E;72;768;Sonderlandeplatz;1060;EDXG;123.650;1;609;270;1;Asphalt;1
Memmingen;Memmng;;47.59'333"N;010.14'367"E;628;1792;Segelfluggel‰nde;1060;;123.500;1;0;0;5;Belag unbekannt;1
Menden-Barge;MendnB;;51.27'000"N;007.49'950"E;206;1792;Segelfluggel‰nde;1060;;123.500;1;0;0;5;Belag unbekannt;1
Mendig;Mendig;;50.22'000"N;007.19'983"E;174;1792;Segelfluggel‰nde;1060;;122.100;1;0;0;5;Belag unbekannt;1
Mengen-Hohentengen;MengnH;;48.03'280"N;009.22'430"E;554;768;Sonderlandeplatz;1060;EDTM;122.375;1;1301;260;0;Beton;1
Mengeringhausen;Mengrn;;51.22'670"N;008.58'930"E;363;768;Sonderlandeplatz;1060;EDVG;121.025;1;540;300;3;Gras;1
Meppen;Meppen;;52.43'400"N;007.19'700"E;20;512;milit‰rischer Flugplatz;1060;ETWM;122.100;1;600;50;3;Gras;1
Merseburg;Mersbr;;51.21'800"N;011.56'500"E;104;768;Sonderlandeplatz;1060;EDAM;122.900;1;1140;260;0;Beton;1
Meschede-Schueren;Meschd;;51.18'100"N;008.14'200"E;438;768;Sonderlandeplatz;1060;EDKM;122.050;1;700;220;1;Asphalt;1
Michelbach;Michlb;;50.13'217"N;008.04'200"E;301;1792;Segelfluggel‰nde;1060;;123.375;1;0;0;5;Belag unbekannt;1
Michelstadt/Odw;Michls;;49.40'750"N;008.58'400"E;348;768;Sonderlandeplatz;1060;EDFO;123.650;1;475;260;1;Asphalt;1
Mindelheim-Mattsies;Mindlh;;48.06'580"N;010.31'530"E;566;768;Sonderlandeplatz;1060;EDM"N;122.975;1;720;330;1;Asphalt;1
Moeckmuehl-Korb;Moeckm;;49.20'667"N;009.24'100"E;339;1792;Segelfluggel‰nde;1060;;129.975;1;0;0;5;Belag unbekannt;1
Moenchengladbach;Moench;;51.13'800"N;006.30'320"E;38;1024;Flughafen;1060;EDL"N;118.125;1;1200;310;0;Beton;1
Moenchsheide;Moenc1;;50.30'550"N;007.15'417"E;205;1792;Segelfluggel‰nde;1060;;129.975;1;0;0;5;Belag unbekannt;1
Montabaur;Montbr;;50.25'500"N;007.49'667"E;261;1792;Segelfluggel‰nde;1060;;123.350;1;0;0;5;Belag unbekannt;1
Mosbach-Lohrbach;Mosbch;;49.24'000"N;009.07'500"E;330;768;Sonderlandeplatz;1060;EDGM;122.850;1;540;330;1;Asphalt;1
Mosenberg;Mosnbr;;51.03'850"N;009.25'380"E;395;768;Sonderlandeplatz;1060;EDEM;123.050;1;511;250;3;Gras;1
Muehldorf;Muehld;;48.16'700"N;012.30'370"E;404;768;Sonderlandeplatz;1060;EDMY;119.775;1;773;260;1;Asphalt;1
Muehlhausen;Muehlh;;51.12'900"N;010.32'600"E;248;768;Sonderlandeplatz;1060;EDEQ;122.850;1;900;260;0;Beton;1
Muelben;Muelbn;;49.27'183"N;009.06'333"E;515;1792;Segelfluggel‰nde;1060;;130.125;1;0;0;5;Belag unbekannt;1
Muellheim;Muellh;;47.49'283"N;007.38'417"E;291;1792;Segelfluggel‰nde;1060;;129.975;1;0;0;5;Belag unbekannt;1
Muenchen;Muench;;48.21'280"N;011.47'250"E;453;256;Internationaler Flugplatz;1060;EDDM;118.700;1;4000;83;0;Beton;1
Muensingen-Eisberg;Muensn;;48.24'567"N;009.26'467"E;725;1792;Segelfluggel‰nde;1060;;123.500;1;0;0;5;Belag unbekannt;1
Muenster-Osnabrueck;Muenst;;52.08'170"N;007.41'130"E;48;256;Internationaler Flugplatz;1060;EDDG;129.800;1;2170;250;0;Beton;1
Muenster-Telgte;Muens1;;51.56'770"N;007.46'420"E;54;768;Sonderlandeplatz;1060;EDLT;122.850;1;650;280;1;Asphalt;1
Musbach;Musbch;;48.30'167"N;008.28'700"E;695;1792;Segelfluggel‰nde;1060;;130.125;1;0;0;5;Belag unbekannt;1
NEUBIBERG;NEUBI;;48.04'417"N;011.38'283"E;576;1792;Segelfluggel‰nde;1060;;1  .  0;0;2400;70;0;Beton;1
NEUWEILER       *FL06;NEU22;;48.39'267"N;008.36'367"E;660;2816;Auﬂenlandefeld;1060;;1  .  0;0;200;90;4;sonstiger Belag;1
NUSSBACH        *FL05;NUSBA;;48.32'267"N;008.02'333"E;170;2816;Auﬂenlandefeld;1060;;1  .  0;0;200;120;4;sonstiger Belag;1
Nabern-Teck;NabrnT;;48.36'800"N;009.28'600"E;370;768;Sonderlandeplatz;1060;EDT"N;118.325;1;570;320;3;Gras;1
Nannhausen;Nannhs;;49.58'270"N;007.28'800"E;373;768;Sonderlandeplatz;1060;EDR"N;130.600;1;560;240;3;Gras;1
Nardt;Nardt;;51.27'080"N;014.12'080"E;117;768;Sonderlandeplatz;1060;EDAT;123.000;1;480;260;3;Gras;1
Nastaetten;Nasttt;;50.11'833"N;007.53'500"E;366;1792;Segelfluggel‰nde;1060;;130.125;1;0;0;5;Belag unbekannt;1
Nauen;Nauen;;52.37'670"N;012.54'830"E;34;768;Sonderlandeplatz;1060;EDC"N;119.750;1;850;290;3;Gras;1
Neresheim;Nershm;;48.44'483"N;010.19'533"E;541;1792;Segelfluggel‰nde;1060;;130.125;1;0;0;5;Belag unbekannt;1
Neu-Guelze;NeuGlz;;53.22'900"N;010.48'300"E;12;1792;Segelfluggel‰nde;1060;;123.500;1;0;0;5;Belag unbekannt;1
Neubrandenburg;Neubrn;;53.36'170"N;013.18'430"E;69;1024;Flughafen;1060;ETNU;119.175;1;2293;270;0;Beton;1
Neuburg-Egweil;Neubrg;;48.47'000"N;011.13'330"E;410;768;Sonderlandeplatz;1060;EDNJ;123.475;1;558;260;3;Gras;1
Neuburg-Zell;Neubr1;;48.42'667"N;011.12'700"E;380;1792;Segelfluggel‰nde;1060;;129.850;1;0;0;5;Belag unbekannt;1
Neuhausen;Neuhsn;;51.41'170"N;014.25'500"E;85;768;Sonderlandeplatz;1060;EDAP;122.725;1;800;270;3;Gras;1
Neuhausen ob Eck;Neuhs1;;47.58'400"N;008.54'200"E;802;768;Sonderlandeplatz;1060;EDS"N;130.500;1;1248;270;1;Asphalt;1
Neumagen-Dhron;Neumgn;;49.50'630"N;006.55'020"E;268;768;Sonderlandeplatz;1060;EDRD;118.175;1;750;270;3;Gras;1
Neumarkt/Oberpfalz;Neumrk;;49.17'100"N;011.26'770"E;425;768;Sonderlandeplatz;1060;EDPO;119.975;1;597;270;1;Asphalt;1
Neumuenster;Neumns;;54.04'700"N;009.56'400"E;22;768;Sonderlandeplatz;1060;EDH"N;123.000;1;550;8;1;Asphalt;1
Neunkirchen-Bexbach;Neunkr;;49.20'117"N;007.15'950"E;272;1792;Segelfluggel‰nde;1060;;123.050;1;0;0;5;Belag unbekannt;1
Neustadt-Glewe;Neustd;;53.21'750"N;011.37'000"E;35;768;Sonderlandeplatz;1060;EDA"N;123.375;1;1200;270;3;Gras;1
Neustadt/Aisch;Neust1;;49.35'300"N;010.34'700"E;365;768;Sonderlandeplatz;1060;EDQ"N;118.925;1;600;270;1;Asphalt;1
Nidda;Nidda;;50.23'933"N;008.58'933"E;166;1792;Segelfluggel‰nde;1060;;123.375;1;0;0;5;Belag unbekannt;1
Niederstetten;Niedrs;;49.23'600"N;009.57'600"E;468;1024;Flughafen;1060;ETH"N;119.775;1;1012;254;0;Beton;1
Nienburg-Holzbalge;Nienbr;;52.42'670"N;009.09'820"E;25;768;Sonderlandeplatz;1060;EDXI;122.000;1;580;270;3;Gras;1
Nittenau-Bruck/Opf;NittnB;;49.13'420"N;012.17'880"E;354;768;Sonderlandeplatz;1060;EDNM;118.925;1;553;190;1;Asphalt;1
Noerdlingen;Noerdl;;48.52'420"N;010.30'380"E;422;768;Sonderlandeplatz;1060;EDNO;133.075;1;500;220;1;Asphalt;1
Noervenich;Noervn;;50.49'083"N;006.39'050"E;117;512;milit‰rischer Flugplatz;1060;ETN"N;122.100;1;2439;70;0;Beton;1
Norden-Norddeich;Nordn"N;;53.38'080"N;007.11'420"E;1;768;Sonderlandeplatz;1060;EDWS;120.500;1;660;340;1;Asphalt;1
Nordenbeck;Nordnb;;51.14'100"N;008.49'100"E;443;768;Sonderlandeplatz;1060;EDG"N;122.500;1;600;260;3;Gras;1
Norderney;Nordrn;;53.42'520"N;007.13'770"E;2;768;Sonderlandeplatz;1060;EDWY;122.600;1;1000;270;1;Asphalt;1
Nordhausen;Nordhs;;51.29'670"N;010.50'080"E;210;768;Sonderlandeplatz;1060;EDAO;118.625;1;895;280;3;Gras;1
Nordholz-Spieka;Nordhl;;53.46'000"N;008.38'680"E;22;768;Sonderlandeplatz;1060;EDX"N;121.025;1;625;260;3;Gras;1
Nordhorn-Lingen;Nordhr;;52.27'550"N;007.11'150"E;27;768;Sonderlandeplatz;1060;EDW"N;122.650;1;680;240;1;Asphalt;1
Northeim;Northm;;51.42'480"N;010.02'300"E;123;768;Sonderlandeplatz;1060;EDV"N;118.700;1;665;290;3;Gras;1
Nuernberg;Nuernb;;49.29'980"N;011.04'750"E;319;256;Internationaler Flugplatz;1060;EDD"N;118.300;1;2700;280;0;Beton;1
OBERHAMERSBACH  *FL10;OBEXX;;48.21'983"N;008.07'000"E;270;2816;Auﬂenlandefeld;1060;;1  .  0;0;250;40;4;sonstiger Belag;1
OBERKOLLWANGEN  *FL10;OBRKW;;48.40'833"N;008.36'867"E;680;2816;Auﬂenlandefeld;1060;;1  .  0;0;260;340;4;sonstiger Belag;1
OELDE BERGELER;OELD"E;;51.49'833"N;008.10'467"E;91;768;Sonderlandeplatz;1060;S-!;122.800;0;550;60;3;Gras;1
OLDENBURG  MIL;OLDNM;;53.10'800"N;008.09'667"E;12;1792;Segelfluggel‰nde;1060;;122.100;0;2110;100;1;Asphalt;1
ORANIENIENBURG;ORANI;;52.43'433"N;013.12'917"E;36;768;Sonderlandeplatz;1060;?;1  .  0;0;0;130;3;Gras;1
ORTENBERG       *FL11;ORTE"N;;48.26'517"N;007.57'683"E;160;2816;Auﬂenlandefeld;1060;;1  .  0;0;400;150;4;sonstiger Belag;1
Ober-Moerlen;OberMr;;50.21'780"N;008.42'700"E;247;768;Sonderlandeplatz;1060;EDFP;122.850;1;310;230;3;Gras;1
Oberems;Oberms;;50.14'600"N;008.23'867"E;400;1792;Segelfluggel‰nde;1060;;123.350;1;0;0;5;Belag unbekannt;1
Oberhinkofen;Oberhn;;48.56'933"N;012.08'567"E;396;1792;Segelfluggel‰nde;1060;;122.300;1;0;0;5;Belag unbekannt;1
Obermehler-Schlotheim;Obermh;;51.16'100"N;010.38'100"E;277;768;Sonderlandeplatz;1060;EDCO;122.900;1;1450;290;1;Asphalt;1
Oberpfaffenhofen;Oberpf;;48.04'900"N;011.17'000"E;594;1024;Flughafen;1060;EDMO;119.550;1;2286;220;0;Beton;1
Oberrissdorf;Oberrs;;51.32'600"N;011.35'800"E;225;768;Sonderlandeplatz;1060;EDUO;122.300;1;600;320;3;Gras;1
Oberschleissheim;Obersc;;48.14'380"N;011.33'600"E;486;768;Sonderlandeplatz;1060;EDNX;130.700;1;808;260;1;Asphalt;1
Ochsenfurt;Ochsnf;;49.40'520"N;010.04'370"E;248;768;Sonderlandeplatz;1060;EDGJ;123.000;1;512;280;3;Gras;1
Ochsenhausen;Ochsnh;;48.03'183"N;009.54'933"E;650;1792;Segelfluggel‰nde;1060;;123.500;1;0;0;5;Belag unbekannt;1
Oehna;Oehna;;51.53'920"N;013.03'420"E;87;768;Sonderlandeplatz;1060;EDBO;122.500;1;850;260;1;Asphalt;1
Oerlinghausen;Oerlng;;51.55'950"N;008.39'870"E;170;768;Sonderlandeplatz;1060;EDLO;122.175;1;520;220;1;Asphalt;1
Oeventropp Ruhrwiesen;Oevntr;;51.23'750"N;008.08'867"E;211;1792;Segelfluggel‰nde;1060;;123.350;1;0;0;5;Belag unbekannt;1
Offenburg;Offnbr;;48.27'050"N;007.55'530"E;155;768;Sonderlandeplatz;1060;EDTO;119.750;1;910;200;1;Asphalt;1
Oldenburg-Hatten;Oldnbr;;53.04'230"N;008.18'870"E;8;768;Sonderlandeplatz;1060;EDWH;118.175;1;596;240;3;Gras;1
Oppenheim;Oppnhm;;49.50'500"N;008.22'670"E;85;768;Sonderlandeplatz;1060;EDGP;122.000;1;800;200;3;Gras;1
Oppershausen;Opprsh;;52.35'767"N;010.13'317"E;43;1792;Segelfluggel‰nde;1060;;122.475;1;0;0;5;Belag unbekannt;1
Oppingen-Au;Oppngn;;48.33'317"N;009.49'283"E;680;1792;Segelfluggel‰nde;1060;;123.150;1;0;0;5;Belag unbekannt;1
Oschatz;Oschtz;;51.17'830"N;013.04'700"E;153;768;Sonderlandeplatz;1060;EDOQ;122.200;1;755;260;3;Gras;1
Oschersleben;Oschrs;;52.02'400"N;011.12'200"E;104;768;Sonderlandeplatz;1060;EDOL;122.400;1;600;290;3;Gras;1
Osnabrueck-Atterheide;Osnbrc;;52.17'270"N;007.58'450"E;87;768;Sonderlandeplatz;1060;EDWO;118.675;1;800;270;1;Asphalt;1
Osterholz-Scharmbeck;Ostrhl;;53.12'833"N;008.48'633"E;2;1792;Segelfluggel‰nde;1060;;130.125;1;0;0;5;Belag unbekannt;1
Ottenberg;Ottnbr;;49.19'683"N;011.28'433"E;560;1792;Segelfluggel‰nde;1060;;123.500;1;0;0;5;Belag unbekannt;1
Ottengruener Heide;Ottngr;;50.13'620"N;011.44'030"E;573;768;Sonderlandeplatz;1060;EDQO;123.000;1;500;290;1;Asphalt;1
PELLWORM;PELLW;;54.32'467"N;008.41'167"E;1;1792;Segelfluggel‰nde;1060;;123.000;0;530;110;3;Gras;1
PFERDSFELD;PFERD;;49.51'300"N;007.36'317"E;397;1792;Segelfluggel‰nde;1060;;122.100;0;2420;90;1;Asphalt;1
POEL AGRAR      *AGRA;POELA;;54.00'167"N;011.27'683"E;19;2816;Auﬂenlandefeld;1060;;1  .  0;0;400;80;0;Beton;1
PRETZIER AGRA   *AGR?;PRETZ;;52.50'267"N;011.16'317"E;37;2816;Auﬂenlandefeld;1060;;1  .  0;0;830;100;3;Gras;1
Paderborn-Haxterberg;Padrbr;;51.41'380"N;008.46'550"E;244;768;Sonderlandeplatz;1060;EDLR;129.000;1;750;240;3;Gras;1
Paderborn-Lippstadt;Padrb1;;51.36'800"N;008.37'030"E;213;1024;Flughafen;1060;EDLP;118.275;1;2180;240;0;Beton;1
Parchim;Parchm;;53.25'250"N;011.48'480"E;44;768;Sonderlandeplatz;1060;;123.500;1;750;250;3;Gras;1
Pasewalk;Paswlk;;53.30'350"N;013.57'020"E;22;768;Sonderlandeplatz;1060;EDCV;123.650;1;900;270;3;Gras;1
Paterzell;Patrzl;;47.50'950"N;011.03'717"E;610;1792;Segelfluggel‰nde;1060;;123.350;1;0;0;5;Belag unbekannt;1
Peenemuende;Peenmn;;54.09'580"N;013.46'400"E;2;768;Sonderlandeplatz;1060;EDCP;122.300;1;2400;320;0;Beton;1
Pegnitz-Zipser Berg;Pegntz;;49.45'700"N;011.34'570"E;546;768;Sonderlandeplatz;1060;EDQZ;132.025;1;884;270;3;Gras;1
Peine-Eddesse;PeinEd;;52.24'230"N;010.13'700"E;76;768;Sonderlandeplatz;1060;EDVP;122.600;1;900;250;1;Asphalt;1
Peine-Glindbruchkippe;PeinGl;;52.19'433"N;010.10'983"E;70;1792;Segelfluggel‰nde;1060;;123.350;1;0;0;5;Belag unbekannt;1
Pennewitz;Pennwt;;50.40'170"N;011.03'680"E;455;768;Sonderlandeplatz;1060;EDOS;123.050;1;450;240;3;Gras;1
Perleberg' Prignitz;Perlbr;;53.04'217"N;011.49'100"E;30;1792;Segelfluggel‰nde;1060;;122.300;1;0;0;5;Belag unbekannt;1
Pfarrkirchen;Pfarrk;;48.25'270"N;012.51'980"E;386;768;Sonderlandeplatz;1060;EDNP;119.975;1;700;250;3;Gras;1
Pfingstweide bei Butzbach;Pfings;;50.26'167"N;008.37'500"E;330;1792;Segelfluggel‰nde;1060;;123.475;1;0;0;5;Belag unbekannt;1
Pfullendorf;Pfulln;;47.54'570"N;009.15'170"E;701;768;Sonderlandeplatz;1060;EDTP;123.250;1;609;200;3;Gras;1
Pinnow;Pinnow;;53.37'000"N;011.33'670"E;44;768;Sonderlandeplatz;1060;EDBP;122.500;1;800;190;3;Gras;1
Pirmasens;Pirmsn;;49.16'000"N;007.29'500"E;380;768;Sonderlandeplatz;1060;EDRP;122.350;1;750;230;1;Asphalt;1
Pirna-Pratzschwitz;PirnPr;;50.58'750"N;013.55'000"E;122;768;Sonderlandeplatz;1060;EDAR;118.625;1;800;300;3;Gras;1
Plaetzer;Platzr;;50.42'500"N;009.43'933"E;340;1792;Segelfluggel‰nde;1060;;123.500;1;0;0;5;Belag unbekannt;1
Pleidelsheim;Pledls;;48.56'933"N;009.11'300"E;188;1792;Segelfluggel‰nde;1060;;123.500;1;0;0;5;Belag unbekannt;1
Plettenberg-Hueinghausen;Plettn;;51.11'580"N;007.47'530"E;299;768;Sonderlandeplatz;1060;EDKP;122.925;1;430;290;3;Gras;1
Polheim-Viehheide;PolhmV;;50.31'933"N;008.44'133"E;236;1792;Segelfluggel‰nde;1060;;123.150;1;0;0;5;Belag unbekannt;1
Poltringen (Ammerbuch);Poltrn;;48.32'817"N;008.56'683"E;401;1792;Segelfluggel‰nde;1060;;123.050;1;0;0;5;Belag unbekannt;1
Porta-Westfalica;PortWs;;52.13'300"N;008.51'830"E;45;768;Sonderlandeplatz;1060;EDVY;122.375;1;710;230;1;Asphalt;1
Pritzwalk-Kammermark;Pritzw;;53.11'750"N;012.09'883"E;88;1792;Segelfluggel‰nde;1060;;123.500;1;0;0;5;Belag unbekannt;1
Pritzwalk-Sommersberg;Pritz1;;53.10'900"N;012.11'100"E;88;768;Sonderlandeplatz;1060;EDBU;122.600;1;670;260;3;Gras;1
Purkshof;Purksh;;54.09'750"N;012.15'000"E;20;768;Sonderlandeplatz;1060;EDCX;122.400;1;1100;220;3;Gras;1
Quakenbrueck;Quaknb;;52.39'833"N;007.55'267"E;25;1792;Segelfluggel‰nde;1060;;122.300;1;0;0;5;Belag unbekannt;1
RAMSBACH X      *FL03;RAMSB;;48.30'050"N;008.08'300"E;230;2816;Auﬂenlandefeld;1060;;121.500;0;250;330;4;sonstiger Belag;1
REETZERHUTTE"N;REETZ;;52.06'200"N;012.24'117"E;151;768;Sonderlandeplatz;1060;?;1  .  0;0;770;70;3;Gras;1
ROTTACH EGERN   *FLD1;ROTTA;;47.41'000"N;011.47'000"E;750;2816;Auﬂenlandefeld;1060;;1  .  0;0;400;90;3;Gras;1
Radevormwald;Radvrm;;51.12'983"N;007.22'950"E;389;1792;Segelfluggel‰nde;1060;;123.475;1;0;0;5;Belag unbekannt;1
Rammertshof;Rammrt;;49.26'350"N;011.48'383"E;384;1792;Segelfluggel‰nde;1060;;123.500;1;0;0;5;Belag unbekannt;1
Ramstein;Ramstn;;49.26'200"N;007.36'000"E;238;512;milit‰rischer Flugplatz;1060;ETAR;123.550;1;2448;85;0;Beton;1
Rechlin-Laerz;Rechln;;53.18'300"N;012.45'170"E;67;768;Sonderlandeplatz;1060;EDAX;123.050;1;2080;260;0;Beton;1
Regensburg-Oberhub;Regnsb;;49.08'580"N;012.05'000"E;396;768;Sonderlandeplatz;1060;EDNR;118.625;1;680;280;1;Asphalt;1
Reichelsheim;Reichl;;50.20'220"N;008.52'750"E;121;768;Sonderlandeplatz;1060;EDFB;119.000;1;730;360;1;Asphalt;1
Reinheim;Reinhm;;49.50'350"N;008.50'933"E;155;1792;Segelfluggel‰nde;1060;;123.475;1;0;0;5;Belag unbekannt;1
Reinsdorf;Reinsd;;51.54'080"N;013.11'770"E;102;768;Sonderlandeplatz;1060;EDOD;122.850;1;1280;99;3;Gras;1
Reiselfingen;Reislf;;47.51'117"N;008.22'333"E;738;1792;Segelfluggel‰nde;1060;;123.000;1;0;0;5;Belag unbekannt;1
Rendsburg-Schachtholm;Rendsb;;54.13'180"N;009.36'270"E;7;768;Sonderlandeplatz;1060;EDXR;123.650;1;960;210;1;Asphalt;1
Renneritz;Rennrt;;51.35'670"N;012.14'200"E;94;768;Sonderlandeplatz;1060;EDOX;123.475;1;900;250;3;Gras;1
Rerik-Zweedorf;RerkZw;;54.04'950"N;011.39'000"E;9;768;Sonderlandeplatz;1060;EDCR;126.500;1;720;260;3;Gras;1
Rheine Bentlage;RhenBn;;52.17'500"N;007.23'200"E;40;512;milit‰rischer Flugplatz;1060;ETH"E;122.100;1;508;80;1;Asphalt;1
Rheine-Eschendorf;RhenEs;;52.16'630"N;007.29'530"E;40;768;Sonderlandeplatz;1060;EDX"E;122.050;1;638;290;3;Gras;1
Riedelbach;Riedlb;;50.18'100"N;008.22'983"E;514;1792;Segelfluggel‰nde;1060;;130.125;1;0;0;5;Belag unbekannt;1
Riedlingen;Riedln;;48.08'667"N;009.28'017"E;528;1792;Segelfluggel‰nde;1060;;129.975;1;0;0;5;Belag unbekannt;1
Riesa-Canitz;RiesCn;;51.18'217"N;013.13'633"E;123;1792;Segelfluggel‰nde;1060;;123.500;1;0;0;5;Belag unbekannt;1
Riesa-Goehlis;RiesGh;;51.17'670"N;013.21'400"E;98;768;Sonderlandeplatz;1060;EDAU;122.600;1;1000;300;1;Asphalt;1
Rinteln;Rintln;;52.10'400"N;009.03'400"E;55;768;Sonderlandeplatz;1060;EDVR;122.925;1;600;290;1;Asphalt;1
Roitzschjora;Roitzs;;51.34'750"N;012.29'700"E;88;768;Sonderlandeplatz;1060;EDAW;122.000;1;1200;280;3;Gras;1
Rosenthal-Field/Ploessen;Rosnth;;49.51'850"N;011.47'350"E;456;768;Sonderlandeplatz;1060;EDQP;127.450;1;650;270;1;Asphalt;1
Rossfeld;Rossfl;;48.30'817"N;009.20'067"E;800;1792;Segelfluggel‰nde;1060;;122.475;1;0;0;5;Belag unbekannt;1
Rostock-Laage;Rostck;;53.55'120"N;012.16'700"E;42;1024;Flughafen;1060;ETNL;118.425;1;2500;280;0;Beton;1
Rote Wiese;RotWs;;52.14'083"N;010.58'850"E;111;1792;Segelfluggel‰nde;1060;;122.475;1;0;0;5;Belag unbekannt;1
Rotenburg-Wuemme;Rotnbr;;53.07'700"N;009.21'000"E;30;768;Sonderlandeplatz;1060;EDXQ;122.050;1;806;260;1;Asphalt;1
Roth;Roth;;49.13'083"N;011.06'050"E;387;512;milit‰rischer Flugplatz;1060;ETHR;122.100;1;535;270;5;Belag unbekannt;1
Rothenberg;Rothnb;;49.28'600"N;008.55'933"E;475;1792;Segelfluggel‰nde;1060;;123.150;1;0;0;5;Belag unbekannt;1
Rothenburg o.d.Tauber;Rothn1;;49.23'400"N;010.13'170"E;399;768;Sonderlandeplatz;1060;EDFR;118.175;1;800;210;1;Asphalt;1
Rothenburg/Goerlitz;Rothn2;;51.21'870"N;014.57'000"E;158;768;Sonderlandeplatz;1060;EDBR;123.250;1;2500;360;1;Asphalt;1
Rottweil-Zepfenhahn;Rottwl;;48.11'250"N;008.43'330"E;745;768;Sonderlandeplatz;1060;EDSZ;120.075;1;803;260;1;Asphalt;1
Rudolstadt-Groschwitz;Rudlst;;50.44'000"N;011.14'500"E;468;768;Sonderlandeplatz;1060;EDOK;122.600;1;800;250;3;Gras;1
SCHLIERSTADT SEL;SCHLI;;49.26'583"N;009.21'750"E;335;768;Sonderlandeplatz;1060;?;122.675;0;540;180;3;Gras;1
SCHOEMBERG      *FL02;SCHXX;;48.23'567"N;008.24'750"E;732;2816;Auﬂenlandefeld;1060;;1  .  0;0;400;130;4;sonstiger Belag;1
SCHOENAU2       *FELD;SCH22;;47.47'150"N;007.53'983"E;535;2816;Auﬂenlandefeld;1060;;1  .  0;0;400;40;4;sonstiger Belag;1
SCHWAIGHOFE"N;SCHHF;;48.23'083"N;010.02'100"E;472;768;Sonderlandeplatz;1060;?;123.000;0;800;90;3;Gras;1
SCHWEINFURT;SCHW"E;;50.02'800"N;010.10'200"E;241;768;Sonderlandeplatz;1060;ETOA;122.100;0;690;90;1;Asphalt;1
SPERENBERG  CLSD*   ?;SPER"E;;52.07'950"N;013.18'467"E;50;2816;Auﬂenlandefeld;1060;;122.700;0;1000;90;0;Beton;1
ST BLASIEN      *FELD;STBF"E;;47.46'483"N;008.06'883"E;780;2816;Auﬂenlandefeld;1060;;1  .  0;0;250;140;4;sonstiger Belag;1
Saal/Saale;SaalSl;;50.18'567"N;010.22'333"E;262;1792;Segelfluggel‰nde;1060;;122.475;1;0;0;5;Belag unbekannt;1
Saarbruecken;Saarbr;;49.12'930"N;007.06'620"E;321;256;Internationaler Flugplatz;1060;EDDR;118.350;1;2000;88;1;Asphalt;1
Saarlouis-Dueren;Saarls;;49.18'820"N;006.40'480"E;341;768;Sonderlandeplatz;1060;EDRJ;122.600;1;800;75;1;Asphalt;1
Saarmund;Saarmn;;52.18'500"N;013.06'000"E;53;768;Sonderlandeplatz;1060;EDCS;123.650;1;520;280;3;Gras;1
Salzgitter-Druette;Salzgt;;52.09'330"N;010.25'670"E;100;768;Sonderlandeplatz;1060;EDVS;122.850;1;555;250;1;Asphalt;1
Salzgitter-Schaeferstuhl;Salzg1;;52.02'000"N;010.21'330"E;209;768;Sonderlandeplatz;1060;EDVJ;122.500;1;950;290;3;Gras;1
Saulgau;Saulg;;48.01'820"N;009.30'400"E;580;768;Sonderlandeplatz;1060;EDTU;123.600;1;450;310;1;Asphalt;1
Schaefhalde;Schfhl;;48.41'617"N;010.05'950"E;630;1792;Segelfluggel‰nde;1060;;123.500;1;0;0;5;Belag unbekannt;1
Schameder;Schmdr;;51.00'080"N;008.18'470"E;545;768;Sonderlandeplatz;1060;EDGQ;122.025;1;750;280;3;Gras;1
Schauendahl;Schndh;;54.30'050"N;009.04'183"E;15;1792;Segelfluggel‰nde;1060;;122.300;1;0;0;5;Belag unbekannt;1
Scheuen;Sch1;;52.40'100"N;010.05'267"E;55;1792;Segelfluggel‰nde;1060;;123.500;1;0;0;5;Belag unbekannt;1
Schlechtenfeld;Schlch;;48.17'033"N;009.40'433"E;550;1792;Segelfluggel‰nde;1060;;123.350;1;0;0;5;Belag unbekannt;1
Schleswig;Schlsw;;54.27'533"N;009.31'050"E;21;512;milit‰rischer Flugplatz;1060;ETNS;122.100;1;2439;40;0;Beton;1
Schleswig-Kropp;Schls1;;54.25'500"N;009.32'400"E;16;768;Sonderlandeplatz;1060;EDXC;118.650;1;800;270;3;Gras;1
Schmallenberg-Rennefeld;Schmll;;51.09'770"N;008.15'600"E;466;768;Sonderlandeplatz;1060;EDKR;122.425;1;620;280;3;Gras;1
Schmidgaden/Oberpfalz;Schmdg;;49.25'850"N;012.05'900"E;380;768;Sonderlandeplatz;1060;EDPQ;123.000;1;520;300;1;Asphalt;1
Schmoldow;Schmld;;53.58'200"N;013.20'600"E;32;768;Sonderlandeplatz;1060;EDBY;122.850;1;900;330;3;Gras;1
Schnuckenheide-Repke;Schnck;;52.43'000"N;010.31'967"E;100;1792;Segelfluggel‰nde;1060;;123.475;1;0;0;5;Belag unbekannt;1
Schoenebeck-Zackmuende;Schnbc;;51.59'800"N;011.47'470"E;51;768;Sonderlandeplatz;1060;EDOZ;123.000;1;840;250;3;Gras;1
Schoenhagen;Schnhg;;52.12'400"N;013.09'400"E;40;768;Sonderlandeplatz;1060;EDAZ;122.700;1;840;250;1;Asphalt;1
Schotten;Schttn;;50.32'100"N;009.08'933"E;500;1792;Segelfluggel‰nde;1060;;123.500;1;0;0;5;Belag unbekannt;1
Schreckhof;Schrck;;49.21'083"N;009.07'250"E;274;1792;Segelfluggel‰nde;1060;;123.500;1;0;0;5;Belag unbekannt;1
Schwabach-Heidenberg;Schwbc;;49.16'180"N;011.00'650"E;360;768;Sonderlandeplatz;1060;EDPH;135.425;1;482;290;1;Asphalt;1
Schwabmuenchen;Schwbm;;48.10'820"N;010.42'250"E;550;768;Sonderlandeplatz;1060;EDNS;122.500;1;850;270;3;Gras;1
Schwaebisch Hall-Hessental;Schwbs;;49.07'200"N;009.46'720"E;399;1024;Flughafen;1060;EDTY;129.225;1;920;83;1;Asphalt;1
Schwandorf;Schwnd;;49.20'500"N;012.11'170"E;387;768;Sonderlandeplatz;1060;EDPF;119.900;1;630;300;3;Gras;1
Schwann-Conweiler;Schwnn;;48.50'150"N;008.32'333"E;470;1792;Segelfluggel‰nde;1060;;122.300;1;0;0;5;Belag unbekannt;1
Schwarzheide-Schipkau;Schwrz;;51.29'400"N;013.52'750"E;101;768;Sonderlandeplatz;1060;EDBZ;129.975;1;850;260;3;Gras;1
Schweighofen;Schwgh;;49.01'970"N;007.59'450"E;150;768;Sonderlandeplatz;1060;EDRO;123.000;1;560;260;3;Gras;1
Schweinfurt-Sued;Schwnf;;50.00'700"N;010.15'150"E;209;768;Sonderlandeplatz;1060;EDFS;119.975;1;780;280;3;Gras;1
Schwenningen am Neckar;Schwn1;;48.04'000"N;008.34'330"E;661;768;Sonderlandeplatz;1060;EDTS;122.850;1;631;230;1;Asphalt;1
Seedorf;Seedrf;;53.20'230"N;009.15'630"E;22;768;Sonderlandeplatz;1060;EDXS;119.650;1;450;250;3;Gras;1
Segeletz;Segltz;;52.49'600"N;012.32'500"E;43;768;Sonderlandeplatz;1060;EDAI;123.500;1;925;290;3;Gras;1
Sevelen;Sevln;;51.29'333"N;006.25'650"E;28;1792;Segelfluggel‰nde;1060;;123.500;1;0;0;5;Belag unbekannt;1
Siegen-Eisernhardt;Siegn"E;;50.50'250"N;008.00'783"E;388;1792;Segelfluggel‰nde;1060;;123.375;1;0;0;5;Belag unbekannt;1
Siegerland;Siegrl;;50.42'500"N;008.05'000"E;599;1024;Flughafen;1060;EDGS;124.275;1;1620;130;1;Asphalt;1
Sierksdorf/Hof Altona;Sierks;;54.04'170"N;010.44'670"E;24;768;Sonderlandeplatz;1060;EDXT;122.000;1;500;210;3;Gras;1
Singhofen;Singhf;;50.16'383"N;007.51'400"E;300;1792;Segelfluggel‰nde;1060;;123.150;1;0;0;5;Belag unbekannt;1
Sinsheim;Sinshm;;49.14'833"N;008.53'617"E;158;1792;Segelfluggel‰nde;1060;;122.475;1;0;0;5;Belag unbekannt;1
Soemmerda-Dermsdorf;Soemmr;;51.12'020"N;011.11'630"E;138;768;Sonderlandeplatz;1060;EDBS;124.000;1;780;250;3;Gras;1
Soest/Bad Sassendorf;SoestB;;51.34'770"N;008.12'930"E;120;768;Sonderlandeplatz;1060;EDLZ;122.600;1;820;260;3;Gras;1
Sonnen;Sonnen;;48.41'900"N;013.41'780"E;823;768;Sonderlandeplatz;1060;EDPS;122.050;1;420;200;1;Asphalt;1
Spangdahlem;Spangd;;49.58'600"N;006.41'900"E;364;512;milit‰rischer Flugplatz;1060;ETAD;122.200;1;3055;50;0;Beton;1
Speyer;Speyer;;49.18'350"N;008.27'150"E;95;768;Sonderlandeplatz;1060;EDRY;118.075;1;889;166;1;Asphalt;1
Sprossen;Sprssn;;51.02'600"N;012.14'000"E;205;768;Sonderlandeplatz;1060;EDCH;120.975;1;660;270;3;Gras;1
St. Michaelisdonn;St.Mch;;53.58'700"N;009.08'670"E;38;768;Sonderlandeplatz;1060;EDXM;122.500;1;700;260;1;Asphalt;1
St. Peter-Ording;St.Ptr;;54.18'500"N;008.41'270"E;2;768;Sonderlandeplatz;1060;EDXO;119.150;1;670;250;1;Asphalt;1
Stade;Stade;;53.33'600"N;009.30'000"E;19;768;Sonderlandeplatz;1060;EDHS;123.000;1;650;290;0;Beton;1
Stadtlohn-Wenningfeld;Stadtl;;51.59'820"N;006.50'400"E;48;768;Sonderlandeplatz;1060;EDLS;119.200;1;893;290;1;Asphalt;1
Stahringen-Wahlwies;Stahrn;;47.48'217"N;008.58'767"E;411;1792;Segelfluggel‰nde;1060;;130.125;1;0;0;5;Belag unbekannt;1
Stauffenbuehl;Staffn;;51.09'933"N;010.02'933"E;260;1792;Segelfluggel‰nde;1060;;123.500;1;0;0;5;Belag unbekannt;1
Stechow-Ferchesar;Stechw;;52.39'000"N;012.29'300"E;45;768;Sonderlandeplatz;1060;EDUA;122.200;1;490;220;3;Gras;1
Steinberg b Surwold;Stenbr;;52.57'350"N;007.33'283"E;30;1792;Segelfluggel‰nde;1060;;123.500;1;0;0;5;Belag unbekannt;1
Steinberg b Wesseln;Stenb1;;52.05'050"N;010.00'933"E;190;1792;Segelfluggel‰nde;1060;;123.500;1;0;0;5;Belag unbekannt;1
Stendal-Borstel;Stendl;;52.37'730"N;011.49'100"E;56;768;Sonderlandeplatz;1060;EDOV;122.400;1;1980;260;0;Beton;1
Stillberghof;Stillb;;48.43'900"N;010.50'083"E;504;1792;Segelfluggel‰nde;1060;;123.475;1;0;0;5;Belag unbekannt;1
Stoelln/Rhinow;Stolln;;52.44'600"N;012.23'500"E;40;768;Sonderlandeplatz;1060;EDOR;123.500;1;0;270;3;Gras;1
Stolberg-Diepenlinchen;Stolbr;;50.46'100"N;006.16'750"E;260;1792;Segelfluggel‰nde;1060;;123.500;1;0;0;1;Asphalt;1
Stralsund;Strlsn;;54.20'330"N;013.02'830"E;15;768;Sonderlandeplatz;1060;EDBV;118.625;1;900;230;3;Gras;1
Straubing-Wallmuehle;Strbng;;48.54'120"N;012.31'180"E;319;768;Sonderlandeplatz;1060;EDMS;124.650;1;940;270;1;Asphalt;1
Strausberg;Strsbr;;52.34'830"N;013.55'020"E;80;768;Sonderlandeplatz;1060;EDAY;123.050;1;1200;230;1;Asphalt;1
Stuede-Bernsteinsee;StudBr;;52.33'850"N;010.41'033"E;75;1792;Segelfluggel‰nde;1060;;123.500;1;0;0;5;Belag unbekannt;1
Stuttgart;Stuttg;;48.41'400"N;009.13'300"E;386;256;Internationaler Flugplatz;1060;EDDS;118.800;1;3350;250;0;Beton;1
Suhl-Goldlauter;SuhlGl;;50.37'900"N;010.43'600"E;588;768;Sonderlandeplatz;1060;EDQS;122.725;1;570;280;3;Gras;1
Sultmer Berg;Sultmr;;51.43'767"N;009.59'483"E;220;1792;Segelfluggel‰nde;1060;;123.150;1;0;0;5;Belag unbekannt;1
Sundern-Seidfeld;Sundrn;;51.18'383"N;007.58'817"E;335;1792;Segelfluggel‰nde;1060;;123.500;1;0;0;5;Belag unbekannt;1
TEMPLIN  GR DOEL;TEMPL;;53.01'900"N;013.32'600"E;54;768;Sonderlandeplatz;1060;EDUT;1  .  0;0;1000;90;1;Asphalt;1
TROLLENBERG     *FL04;TROLL;;48.21'617"N;008.27'017"E;670;2816;Auﬂenlandefeld;1060;;1  .  0;0;400;110;4;sonstiger Belag;1
Tannheim;Tannhm;;48.00'700"N;010.06'120"E;580;768;Sonderlandeplatz;1060;EDMT;122.825;1;710;270;3;Gras;1
Tarmstedt;Tarmst;;53.15'133"N;009.06'567"E;39;1792;Segelfluggel‰nde;1060;;123.150;1;0;0;5;Belag unbekannt;1
Tauberbischofsheim;Taubrb;;49.38'900"N;009.37'933"E;282;1792;Segelfluggel‰nde;1060;;123.150;1;0;0;5;Belag unbekannt;1
Taucha;Taucha;;51.24'000"N;012.32'200"E;150;768;Sonderlandeplatz;1060;EDCT;122.000;1;600;250;3;Gras;1
Thalmaessing-Waizenhofen;Thalms;;49.03'830"N;011.12'670"E;577;768;Sonderlandeplatz;1060;EDPW;123.650;1;412;350;3;Gras;1
Thannhausen;Thannh;;48.17'280"N;010.26'720"E;491;768;Sonderlandeplatz;1060;EDNU;118.175;1;500;260;3;Gras;1
Tirschenreuth Im unteren Stadtteich;Tirsch;;49.52'433"N;012.19'500"E;490;1792;Segelfluggel‰nde;1060;;123.350;1;0;0;1;Asphalt;1
Titschendorf;Titsch;;50.23'833"N;011.31'467"E;651;1792;Segelfluggel‰nde;1060;;122.300;1;0;0;5;Belag unbekannt;1
Traben-Trabach/Mont Royal;TrabnT;;49.57'920"N;007.06'920"E;280;768;Sonderlandeplatz;1060;EDRM;123.000;1;750;360;3;Gras;1
Treuchtlingen-Bubenheim;Trecht;;48.59'820"N;010.53'900"E;410;768;Sonderlandeplatz;1060;EDNT;122.600;1;1030;330;3;Gras;1
Trier-Foehren;TrirFh;;49.51'880"N;006.47'330"E;203;768;Sonderlandeplatz;1060;EDRT;122.050;1;1130;230;0;Beton;1
Troestau;Trost;;50.01'183"N;011.55'883"E;560;1792;Segelfluggel‰nde;1060;;123.350;1;0;0;5;Belag unbekannt;1
UNTERBUCHEN     *FL11;UNTBU;;47.47'000"N;011.29'000"E;632;2816;Auﬂenlandefeld;1060;;1  .  0;0;300;40;4;sonstiger Belag;1
UNTERENTERSBACH *FLA9;UNTXX;;48.19'800"N;008.02'433"E;198;2816;Auﬂenlandefeld;1060;;1  .  0;0;500;160;4;sonstiger Belag;1
URSPRING;URSPR;;48.33'150"N;009.54'267"E;663;768;Sonderlandeplatz;1060;S;123.500;0;700;150;3;Gras;1
Uebersberg;Uebrsb;;48.27'450"N;009.18'267"E;780;1792;Segelfluggel‰nde;1060;;123.150;1;0;0;5;Belag unbekannt;1
Uelzen;Uelzen;;52.59'080"N;010.28'000"E;75;768;Sonderlandeplatz;1060;EDVU;122.850;1;600;270;1;Asphalt;1
Uetersen;Uetrsn;;53.38'800"N;009.42'320"E;7;768;Sonderlandeplatz;1060;EDH"E;122.700;1;900;270;3;Gras;1
Ummern;Ummern;;52.37'233"N;010.24'650"E;65;1792;Segelfluggel‰nde;1060;;123.500;1;0;0;5;Belag unbekannt;1
Unterschuepf;Untrsc;;49.31'000"N;009.40'170"E;352;768;Sonderlandeplatz;1060;EDGU;122.600;1;670;270;3;Gras;1
Unterwoessen;Untrws;;47.43'700"N;012.26'217"E;555;1792;Segelfluggel‰nde;1060;;122.300;1;0;0;5;Belag unbekannt;1
Uslar;Uslar;;51.39'767"N;009.36'550"E;260;1792;Segelfluggel‰nde;1060;;129.975;1;0;0;5;Belag unbekannt;1
Utscheid;Utschd;;49.59'933"N;006.20'583"E;424;1792;Segelfluggel‰nde;1060;;123.350;1;0;0;5;Belag unbekannt;1
VOGELSBERG      *FL03;VOGEL;;48.23'517"N;008.26'867"E;690;2816;Auﬂenlandefeld;1060;;1  .  0;0;200;290;4;sonstiger Belag;1
VORDERRISS      *FL12;VORD"E;;47.33'000"N;011.26'000"E;810;2816;Auﬂenlandefeld;1060;;1  .  0;0;300;170;3;Gras;1
Valhingen/Enz;Valhng;;48.56'183"N;008.58'717"E;312;1792;Segelfluggel‰nde;1060;;123.375;1;0;0;5;Belag unbekannt;1
Varrelbusch;Varrlb;;52.54'400"N;008.02'500"E;39;768;Sonderlandeplatz;1060;EDWU;123.000;1;930;270;3;Gras;1
Verden-Scharnhorst;VerdnS;;52.58'000"N;009.17'080"E;44;768;Sonderlandeplatz;1060;EDWV;122.400;1;510;310;3;Gras;1
Vielbrunn;Vielbr;;49.43'183"N;009.04'600"E;460;1792;Segelfluggel‰nde;1060;;123.150;1;0;0;5;Belag unbekannt;1
Vilsbiburg;Vilsbb;;48.25'650"N;012.20'700"E;442;768;Sonderlandeplatz;1060;EDMP;123.000;1;450;210;3;Gras;1
Vilseck;Vilsck;;49.38'083"N;011.45'883"E;411;512;milit‰rischer Flugplatz;1060;ETOI;122.100;1;1067;280;0;Beton;1
Vilshofen;Vilshf;;48.38'170"N;013.11'700"E;302;768;Sonderlandeplatz;1060;EDMV;119.175;1;750;300;1;Asphalt;1
Vinsebeck-Frankenberg;Vinsbc;;51.50'533"N;009.00'917"E;247;1792;Segelfluggel‰nde;1060;;123.500;1;0;0;5;Belag unbekannt;1
Voelkleshofen-Lichtenberg;Voelkl;;49.00'567"N;009.21'367"E;394;1792;Segelfluggel‰nde;1060;;130.125;1;0;0;5;Belag unbekannt;1
Vogtareuth;Vogtrt;;47.56'820"N;012.12'370"E;468;768;Sonderlandeplatz;1060;EDNV;121.025;1;400;240;1;Asphalt;1
WACKERSBERG     *FLD1;WACK"E;;47.44'000"N;011.33'000"E;730;2816;Auﬂenlandefeld;1060;;1  .  0;0;500;90;3;Gras;1
WARBELOW MIL;WARLO;;53.59'600"N;012.42'750"E;22;1792;Segelfluggel‰nde;1060;;122.100;0;700;70;1;Asphalt;1
WARNGAU;WARNG;;47.49'467"N;011.42'267"E;700;1792;Segelfluggel‰nde;1060;;1  .  0;0;600;20;1;Asphalt;1
WIESBADE"N;WIESB;;50.02'983"N;008.19'517"E;140;768;Sonderlandeplatz;1060;ETOU;122.100;0;2150;80;1;Asphalt;1
WITTSTOCK CLOSED* CLS;WITCL;;53.12'117"N;012.31'217"E;70;2816;Auﬂenlandefeld;1060;;121.500;0;2400;80;1;Asphalt;1
WUERZBACH       *FL11;WUERZ;;48.43'050"N;008.38'167"E;690;2816;Auﬂenlandefeld;1060;;1  .  0;0;400;50;4;sonstiger Belag;1
Waechtersberg-Hub;Waecht;;48.36'883"N;008.45'317"E;593;1792;Segelfluggel‰nde;1060;;123.475;1;0;0;5;Belag unbekannt;1
Wahlstedt;Wahlst;;53.58'100"N;010.13'400"E;39;768;Sonderlandeplatz;1060;EDHW;121.025;1;600;290;3;Gras;1
Waldeck;Waldck;;51.13'433"N;009.03'433"E;400;1792;Segelfluggel‰nde;1060;;123.475;1;0;0;5;Belag unbekannt;1
Walldorf;Walldr;;49.18'300"N;008.39'600"E;105;768;Sonderlandeplatz;1060;EDGX;118.275;1;425;360;3;Gras;1
Wallduern;Walld1;;49.34'970"N;009.24'200"E;400;768;Sonderlandeplatz;1060;EDEW;122.750;1;730;240;1;Asphalt;1
Walsrode-Luisenhoehe;Walsrd;;52.53'317"N;009.36'000"E;60;1792;Segelfluggel‰nde;1060;;123.500;1;0;0;5;Belag unbekannt;1
Wangen-Kissleg;WangnK;;47.45'267"N;009.51'417"E;640;1792;Segelfluggel‰nde;1060;;123.500;1;0;0;5;Belag unbekannt;1
Wangerooge;Wangrg;;53.47'200"N;007.55'000"E;2;768;Sonderlandeplatz;1060;EDWG;122.400;1;850;280;1;Asphalt;1
Warburg-Am Heinberg;Warbrg;;51.29'783"N;009.05'367"E;170;1792;Segelfluggel‰nde;1060;;123.500;1;0;0;5;Belag unbekannt;1
Waren-Vielist;WarnVl;;53.34'080"N;012.39'400"E;86;768;Sonderlandeplatz;1060;EDOW;130.325;1;800;220;3;Gras;1
Wasserkuppe;Wassrk;;50.29'933"N;009.57'933"E;919;1792;Segelfluggel‰nde;1060;;133.425;1;0;0;5;Belag unbekannt;1
Weiden/Oberpfalz;WeidnO;;49.40'700"N;012.07'080"E;405;768;Sonderlandeplatz;1060;EDQW;118.200;1;570;320;0;Beton;1
Weimar-Umpferstedt;WeimrU;;50.57'920"N;011.24'080"E;296;768;Sonderlandeplatz;1060;EDOU;122.400;1;670;280;0;Beton;1
Weinheim/Bergstrasse;Weinhm;;49.34'120"N;008.36'730"E;97;768;Sonderlandeplatz;1060;EDGZ;123.600;1;775;350;3;Gras;1
Weipertshofen;Weiprt;;49.05'167"N;010.07'650"E;440;1792;Segelfluggel‰nde;1060;;123.350;1;0;0;5;Belag unbekannt;1
Weissenburg-Wuelzburg;Weissn;;49.01'433"N;011.00'950"E;615;1792;Segelfluggel‰nde;1060;;123.050;1;0;0;5;Belag unbekannt;1
Weissenhorn;Weiss1;;48.17'420"N;010.08'480"E;501;768;Sonderlandeplatz;1060;EDNW;119.975;1;650;260;3;Gras;1
Welzheim;Welzhm;;48.52'633"N;009.39'433"E;518;1792;Segelfluggel‰nde;1060;;123.150;1;0;0;5;Belag unbekannt;1
Welzow;Welzow;;51.34'580"N;014.08'250"E;114;768;Sonderlandeplatz;1060;EDCY;134.850;1;2000;220;0;Beton;1
Wenzendorf;Wenznd;;53.20'267"N;009.46'767"E;66;1792;Segelfluggel‰nde;1060;;123.500;1;0;0;5;Belag unbekannt;1
Weper;Weper;;51.42'683"N;009.48'067"E;355;1792;Segelfluggel‰nde;1060;;123.500;1;0;0;5;Belag unbekannt;1
Werdohl-Kuentrop;Werdhl;;51.17'900"N;007.49'070"E;316;768;Sonderlandeplatz;1060;EDKW;122.675;1;600;250;3;Gras;1
Werneuchen;Wernch;;52.38'000"N;013.46'000"E;80;768;Sonderlandeplatz;1060;EDBW;122.600;1;1499;260;0;Beton;1
Wershofen;Wershf;;50.27'170"N;006.47'200"E;482;768;Sonderlandeplatz;1060;EDRV;122.300;1;630;250;3;Gras;1
Wesel-Roemerwardt;WeslRm;;51.39'750"N;006.35'700"E;22;768;Sonderlandeplatz;1060;EDLX;122.025;1;400;270;3;Gras;1
Weser-Wuemme;WesrWm;;53.03'200"N;009.12'580"E;18;768;Sonderlandeplatz;1060;EDWM;122.600;1;700;360;3;Gras;1
Westerland/Sylt;Westrl;;54.54'700"N;008.20'500"E;16;1024;Flughafen;1060;EDXW;119.750;1;1696;61;0;Beton;1
Westerstede-Felde;Westrs;;53.17'300"N;007.55'800"E;9;768;Sonderlandeplatz;1060;EDWX;123.650;1;580;250;1;Asphalt;1
Wildberg (Kengel);Wildbr;;48.38'167"N;008.43'900"E;509;1792;Segelfluggel‰nde;1060;;123.000;1;0;0;5;Belag unbekannt;1
Wilhelmshaven-Mariensiel;Wilhlm;;53.30'380"N;008.03'250"E;5;768;Sonderlandeplatz;1060;EDWI;129.250;1;981;200;1;Asphalt;1
Wilsche;Wilsch;;52.31'500"N;010.27'850"E;55;1792;Segelfluggel‰nde;1060;;129.975;1;0;0;5;Belag unbekannt;1
Winzeln-Schramberg;Winzln;;48.16'730"N;008.25'730"E;671;768;Sonderlandeplatz;1060;EDTW;123.650;1;704;330;1;Asphalt;1
Wipperfuerth-Neye;Wipprf;;51.07'400"N;007.22'500"E;263;768;Sonderlandeplatz;1060;EDK"N;122.400;1;600;290;3;Gras;1
Wismar;Wismar;;53.54'880"N;011.30'080"E;13;768;Sonderlandeplatz;1060;EDCW;123.050;1;640;260;3;Gras;1
Wittmundhafen;Wittmn;;53.32'867"N;007.40'133"E;9;512;milit‰rischer Flugplatz;1060;ETNT;122.100;1;2440;80;0;Beton;1
Wittstock-Berlinchen;Wittst;;53.13'283"N;012.33'650"E;79;1792;Segelfluggel‰nde;1060;;122.200;1;0;0;5;Belag unbekannt;1
Wolfhagen Granerberg;Wolfhg;;51.18'400"N;009.10'580"E;313;768;Sonderlandeplatz;1060;EDGW;127.450;1;500;330;3;Gras;1
Worms;Worms;;49.36'450"N;008.22'070"E;90;768;Sonderlandeplatz;1060;EDFV;124.600;1;800;62;1;Asphalt;1
Wriezen;Wrizn;;52.36'900"N;014.14'700"E;10;768;Sonderlandeplatz;1060;EDO"N;122.050;1;2400;260;0;Beton;1
Wuerzburg-Schenkenturm;Wuerzb;;49.49'100"N;009.53'800"E;302;768;Sonderlandeplatz;1060;EDFW;122.175;1;640;290;1;Asphalt;1
Wunstorf;Wunstr;;52.27'600"N;009.26'300"E;56;512;milit‰rischer Flugplatz;1060;ETNW;122.100;1;1882;80;1;Asphalt;1
Wustweiler;Wustwl;;49.23'683"N;007.01'033"E;365;1792;Segelfluggel‰nde;1060;;122.475;1;0;0;5;Belag unbekannt;1
Wyk auf Foehr;WykfFh;;54.41'100"N;008.31'970"E;8;768;Sonderlandeplatz;1060;EDXY;118.250;1;530;210;3;Gras;1
Zell-Haidberg;ZellHd;;50.08'250"N;011.47'667"E;580;1792;Segelfluggel‰nde;1060;;123.375;1;0;0;5;Belag unbekannt;1
Zellhausen;Zellhs;;50.01'133"N;008.58'933"E;113;1792;Segelfluggel‰nde;1060;;122.300;1;0;0;5;Belag unbekannt;1
Zerbst;Zerbst;;52.00'200"N;012.09'200"E;81;768;Sonderlandeplatz;1060;EDUZ;123.050;1;1200;250;0;Beton;1
Zierenberg a.d. Doernberg;Ziernb;;51.22'117"N;009.20'033"E;430;1792;Segelfluggel‰nde;1060;;122.300;1;0;0;5;Belag unbekannt;1
Zweibruecken;Zwebrc;;49.12'630"N;007.24'120"E;345;1024;Flughafen;1060;EDRZ;123'825;1;2950;210;0;Beton;1
Zwickau;Zwick;;50.42'250"N;012.27'670"E;320;768;Sonderlandeplatz;1060;EDBI;122.900;1;800;240;3;Gras;1
